Symbol,Strategy Name,Name of security,Status,Action,Quantity|Face Value,Price,Timing,Fill Price,Fill Price is Average,Time and Date(ET),Last Activity Date(ET),Reinvest Capital Gains,Order Number
NTRS,,NORTHERN TR CORP,Open,Sell,5 Shares,Stop market $111.07,GTC,-,No,3:46 PM 02/20/2025,3:46 PM 02/20/2025,,1002807828927
LABU,,DIREXION SHARES DAILY S&P BIOTECH BULL 3X SHS,Open,Sell,3 Shares,Stop market $88.56,GTC,-,No,2:27 PM 02/20/2025,2:27 PM 02/20/2025,,1002806339823
TMUS,,T-MOBILE US INC,Open,Sell,5 Shares,Stop market $259.73,GTC,-,No,5:51 PM 02/19/2025,5:51 PM 02/19/2025,,1002799858062
OXY,,OCCIDENTAL PETE CORP,Open,Sell,15 Shares,Stop market $49.18,GTC,-,No,5:43 PM 02/19/2025,5:43 PM 02/19/2025,,1002799858043
FTNT,,FORTINET INC,Filled,Sell,10 Shares,Stop market $110.73,GTC,$110.73,No,12:11 PM 02/20/2025,2:24 PM 02/21/2025,,1002804862987
CHKP,,CHECK POINT SOFTWARE,Filled,Sell,4 Shares,Stop market $215.68,GTC,$215.49,No,11:11 AM 02/12/2025,1:41 PM 02/21/2025,,1002759273480
PBPB,,POTBELLY CORP,Filled,Sell,20 Shares,Stop market $12.18,GTC,$12.15,No,11:31 AM 02/18/2025,1:09 PM 02/21/2025,,1002786515926
FI,,FISERV INC,Filled,Sell,3 Shares,Stop market $232.12,GTC,$232.02,No,10:48 AM 02/21/2025,1:06 PM 02/21/2025,,1002811996994
SE,,SEA LTD A ADR,Filled,Sell,5 Shares,Stop market $130.40,GTC,$130.41,No,5:49 PM 02/19/2025,12:56 PM 02/21/2025,,1002799858058
TPR,,TAPESTRY INC,Filled,Sell,4 Shares,Stop market $85.38,GTC,$85.38,No,6:46 PM 02/18/2025,12:56 PM 02/21/2025,,1002790727950
TQQQ,,PROSHARES ULTRAPRO QQQ ETF,Filled,Sell,25 Shares,Stop market $85.89,GTC,$85.89,No,11:17 AM 02/20/2025,12:50 PM 02/21/2025,,1002804094582
ISRG,,INTUITIVE SURGICAL I,Filled,Sell,3 Shares,Stop market $596.37,GTC,$596.72,No,9:51 AM 02/21/2025,12:41 PM 02/21/2025,,1002810360338
UPRO,,PROSHARES ULTRAPRO S&P 500 ETF,Filled,Sell,20 Shares,Stop market $95.21,GTC,$95.185,No,11:27 AM 02/20/2025,12:37 PM 02/21/2025,,1002804094966
TOST,,TOAST INC A,Filled,Sell,10 Shares,Stop market $38.94,GTC,$38.91,No,3:51 PM 02/20/2025,9:41 AM 02/21/2025,,1002807829174
TOST,,TOAST INC A,Filled,Buy,10 Shares,Limit $40.16,Day,$40.16,No,3:50 PM 02/20/2025,3:50 PM 02/20/2025,,1002807829108
SOFI,,SOFI TECHNOLOGIES IN,Filled,Sell,15 Shares,Limit $15.51,Day,$15.51,No,3:45 PM 02/20/2025,3:45 PM 02/20/2025,,1002807828860
NTRS,,NORTHERN TR CORP,Filled,Buy,5 Shares,Limit $113.91,Day,$113.91,No,3:44 PM 02/20/2025,3:44 PM 02/20/2025,,1002807828806
LABU,,DIREXION SHARES DAILY S&P BIOTECH BULL 3X SHS,Filled,Buy,3 Shares,Limit $94.05,Day,$94.05,No,2:26 PM 02/20/2025,2:26 PM 02/20/2025,,1002806339797
FTNT,,FORTINET INC,Filled,Buy,10 Shares,Limit $113.62,Day,$113.62,No,12:10 PM 02/20/2025,12:10 PM 02/20/2025,,1002804862938
EQH,,EQUITABLE HLDGS INC,Filled,Sell,10 Shares,Stop market $54.88,GTC,$54.81,No,5:46 PM 02/19/2025,10:01 AM 02/20/2025,,1002799858050
FTNT,,FORTINET INC,Filled,Sell,5 Shares,Stop market $111.78,GTC,$111.77,No,5:47 PM 02/19/2025,9:53 AM 02/20/2025,,1002799858054
TQQQ,,PROSHARES ULTRAPRO QQQ ETF,Filled,Sell,25 Shares,Stop market $88.48,GTC,$88.48,No,8:59 AM 02/20/2025,9:53 AM 02/20/2025,,1002799859771
DASH,,DOORDASH INC A,Filled,Sell,8 Shares,Stop market $204.77,GTC,$204.66,No,9:45 AM 02/19/2025,9:51 AM 02/20/2025,,1002792271384
SHOP,,SHOPIFY INC A,Filled,Sell,6 Shares,Stop market $123.78,GTC,$123.7001,No,2:33 PM 02/19/2025,9:45 AM 02/20/2025,,1002797265999
MDB,,MONGODB INC A,Filled,Sell,4 Shares,Stop market $287.36,GTC,$287.4075,Yes,9:48 AM 02/19/2025,9:33 AM 02/20/2025,,1002792271787
CRWD,,CROWDSTRIKE HLDGS IN A,Filled,Sell,2 Shares,Stop market $442.77,GTC,$441.06,No,6:39 PM 02/18/2025,9:30 AM 02/20/2025,,1002790727929
OXY,,OCCIDENTAL PETE CORP,Filled,Buy,15 Shares,Limit $51.10,Day,$51.10,No,3:41 PM 02/19/2025,3:41 PM 02/19/2025,,1002799056366
DXCM,,DEXCOM INC,Filled,Sell,10 Shares,Stop market $89.34,GTC,$89.34,No,11:59 AM 02/18/2025,3:01 PM 02/19/2025,,1002787213368
SHOP,,SHOPIFY INC A,Filled,Buy,3 Shares,Limit $127.76,Day,$127.76,No,2:32 PM 02/19/2025,2:33 PM 02/19/2025,,1002797265981
CYBR,,CYBERARK SOFTWARE LT,Filled,Sell,1 Shares,Stop market $402.92,GTC,$402.88,No,6:40 PM 02/18/2025,10:02 AM 02/19/2025,,1002790727935
ASAN,,ASANA INC A,Filled,Sell,15 Shares,Stop market $23.04,GTC,$23.00,No,9:36 AM 02/19/2025,9:38 AM 02/19/2025,,1002792270525
ODFL,,OLD DOMINION FREIGHT,Filled,Sell,3 Shares,Stop market $205.91,GTC,$205.81,No,1:51 PM 02/18/2025,9:35 AM 02/19/2025,,1002788601572
NFLX,,NETFLIX INC,Filled,Sell,4 Shares,"Stop market $1,024.98",GTC,"$1,024.88",No,8:38 AM 02/14/2025,3:30 PM 02/18/2025,,1002773467605
SOFI,,SOFI TECHNOLOGIES IN,Filled,Buy,15 Shares,Limit $16.80,Day,$16.80,No,3:27 PM 02/18/2025,3:27 PM 02/18/2025,,1002790039208
FI,,FISERV INC,Filled,Buy,3 Shares,Limit $235.24,Day,$235.24,No,11:35 AM 02/18/2025,11:35 AM 02/18/2025,,1002787212118
SN,,SHARKNINJA INC,Filled,Sell,4 Shares,Stop market $108.67,GTC,$108.61,No,10:39 AM 02/14/2025,11:23 AM 02/18/2025,,1002776383821
PBPB,,POTBELLY CORP,Filled,Buy,20 Shares,Limit $12.97,Day,$12.97,No,9:53 AM 02/18/2025,10:02 AM 02/18/2025,,1002784257193
CTAS,,CINTAS CORP,Filled,Sell,10 Shares,Stop market $204.82,GTC,$204.80,No,9:33 AM 02/14/2025,3:21 PM 02/14/2025,,1002774306790
EQH,,EQUITABLE HLDGS INC,Filled,Buy,10 Shares,Limit $55.30,Day,$55.30,No,11:33 AM 02/14/2025,2:49 PM 02/14/2025,,1002777567674
DXCM,,DEXCOM INC,Filled,Buy,10 Shares,Limit $89.33,Day,$89.33,No,1:35 PM 02/14/2025,1:35 PM 02/14/2025,,1002779523480
CASY,,CASEYS GEN STORES IN,Filled,Sell,2 Shares,Stop market $434.93,GTC,$433.80,No,3:48 PM 02/13/2025,1:04 PM 02/14/2025,,1002772666472
CASY,,CASEYS GEN STORES IN,Filled,Buy,2 Shares,Limit $440.82,Day,$440.82,No,3:34 PM 02/13/2025,3:47 PM 02/13/2025,,1002771655938
CYBR,,CYBERARK SOFTWARE LT,Filled,Buy,1 Shares,Limit $412.73,Day,$412.73,No,3:44 PM 02/13/2025,3:47 PM 02/13/2025,,1002772666322
SN,,SHARKNINJA INC,Filled,Buy,4 Shares,Limit $112.88,Day,$112.88,No,3:30 PM 02/13/2025,3:30 PM 02/13/2025,,1002771655829
DASH,,DOORDASH INC A,Filled,Buy,4 Shares,Limit $200.58,Day,$200.58,No,9:55 AM 02/13/2025,9:55 AM 02/13/2025,,1002765899055
ASAN,,ASANA INC A,Filled,Buy,15 Shares,Limit $22.57,Day,$22.57,No,3:30 PM 02/12/2025,3:31 PM 02/12/2025,,1002762907321
TQQQ,,PROSHARES ULTRAPRO QQQ ETF,Filled,Buy,50 Shares,Limit $85.34,Day,$85.34,No,3:25 PM 02/12/2025,3:29 PM 02/12/2025,,1002762907205
TPR,,TAPESTRY INC,Filled,Buy,4 Shares,Limit $85.37,Day,$85.37,No,2:54 PM 02/12/2025,2:59 PM 02/12/2025,,1002762906421
UPRO,,PROSHARES ULTRAPRO S&P 500 ETF,Filled,Sell,50 Shares,Limit $95.33,Day,$95.33,No,2:49 PM 02/12/2025,2:49 PM 02/12/2025,,1002762906337
UPRO,,PROSHARES ULTRAPRO S&P 500 ETF,Filled,Buy,50 Shares,Limit $95.20,Day,$95.20,No,2:48 PM 02/12/2025,2:48 PM 02/12/2025,,1002762906297
DASH,,DOORDASH INC A,Filled,Buy,4 Shares,Limit $198.57,Day,$198.57,No,11:18 AM 02/12/2025,11:25 AM 02/12/2025,,1002759273830
DASH,,DOORDASH INC A,Filled,Buy to cover,4 Shares,Limit $199.75,Day,$199.75,No,11:18 AM 02/12/2025,11:18 AM 02/12/2025,,1002759273812
DASH,,DOORDASH INC A,Filled,Sell short,4 Shares,Limit $198.69,Day,$200.22,No,11:17 AM 02/12/2025,11:17 AM 02/12/2025,,1002759273788
CALM,,CAL MAINE FOODS INC,Filled,Sell,8 Shares,Stop market $112.31,GTC,$112.28,No,10:15 AM 02/12/2025,11:04 AM 02/12/2025,,1002758382530
SCHW,,CHARLES SCHWAB CORP,Filled,Sell,10 Shares,Stop market $81.60,GTC,$81.60,No,3:48 PM 02/11/2025,10:31 AM 02/12/2025,,1002754699804
TEAM,,ATLASSIAN CORP A,Filled,Sell,3 Shares,Stop market $312.83,GTC,$312.18,No,2:06 PM 02/10/2025,9:30 AM 02/12/2025,,1002746098082
UPRO,,PROSHARES ULTRAPRO S&P 500 ETF,Filled,Sell,40 Shares,Stop market $92.91,GTC,$92.99,No,11:14 AM 02/07/2025,9:30 AM 02/12/2025,,1002733889878
SCHW,,CHARLES SCHWAB CORP,Filled,Buy,10 Shares,Limit $83.86,Day,$83.8346,No,3:47 PM 02/11/2025,3:47 PM 02/11/2025,,1002754699776
SHOP,,SHOPIFY INC A,Filled,Buy,3 Shares,Limit $125.43,Day,$125.43,No,3:37 PM 02/11/2025,3:37 PM 02/11/2025,,1002754699390
ASAN,,ASANA INC A,Filled,Sell,15 Shares,Stop market $22.20,GTC,$22.20,No,2:51 PM 02/10/2025,12:06 PM 02/11/2025,,1002746099735
CART,,MAPLEBEAR INC,Filled,Sell,15 Shares,Stop market $48.71,GTC,$48.72,No,2:10 PM 02/09/2025,11:41 AM 02/11/2025,,1002740198130
CALM,,CAL MAINE FOODS INC,Filled,Buy,8 Shares,Limit $112.30,Day,$112.30,No,11:19 AM 02/11/2025,11:19 AM 02/11/2025,,1002751249115
CHKP,,CHECK POINT SOFTWARE,Filled,Buy,4 Shares,Limit $215.67,Day,$215.67,No,11:06 AM 02/11/2025,11:08 AM 02/11/2025,,1002751248387
SFM,,SPROUTS FMRS MKT INC,Filled,Sell,3 Shares,Stop market $164.72,GTC,$164.37,No,9:53 AM 02/07/2025,9:46 AM 02/11/2025,,1002731847087
GTLB,,GITLAB INC A,Filled,Sell,15 Shares,Stop market $69.81,GTC,$69.8001,No,2:24 PM 02/10/2025,9:32 AM 02/11/2025,,1002746098714
DASH,,DOORDASH INC A,Filled,Sell,4 Shares,Stop market $190.48,GTC,$190.04,No,4:50 PM 02/05/2025,9:30 AM 02/11/2025,,1002721019312
ASAN,,ASANA INC A,Filled,Buy,15 Shares,Limit $23.36,Day,$23.36,No,2:50 PM 02/10/2025,2:51 PM 02/10/2025,,1002746099691
SE,,SEA LTD A ADR,Filled,Buy,5 Shares,Limit $125.78,Day,$125.78,No,2:08 PM 02/10/2025,2:15 PM 02/10/2025,,1002746098131
GTLB,,GITLAB INC A,Filled,Buy,15 Shares,Limit $71.82,Day,$71.82,No,2:09 PM 02/10/2025,2:11 PM 02/10/2025,,1002746098184
TEAM,,ATLASSIAN CORP A,Filled,Buy,3 Shares,Limit $324.40,Day,$324.40,No,2:04 PM 02/10/2025,2:05 PM 02/10/2025,,1002746098015
ONON,,ON HLDG AG A,Filled,Sell,15 Shares,Limit $57.10,Day,$57.10,No,2:31 PM 02/07/2025,2:34 PM 02/07/2025,,1002737708275
PAYX,,PAYCHEX INC,Filled,Sell,5 Shares,Limit $147.10,Day,$147.10,No,2:31 PM 02/07/2025,2:31 PM 02/07/2025,,1002737708300
TEAM,,ATLASSIAN CORP A,Filled,Sell,2 Shares,Stop market $313.26,GTC,$313.32,No,7:58 PM 02/06/2025,2:28 PM 02/07/2025,,1002729869538
FTNT,,FORTINET INC,Filled,Buy,5 Shares,Limit $108.07,Day,$108.07,No,1:24 PM 02/07/2025,2:18 PM 02/07/2025,,1002736760354
CAVA,,CAVA GROUP INC,Filled,Sell,2 Shares,Stop market $139.23,GTC,$139.21,No,7:53 PM 02/06/2025,2:04 PM 02/07/2025,,1002729869507
CART,,MAPLEBEAR INC,Filled,Buy,15 Shares,Limit $49.53,Day,$49.53,No,1:21 PM 02/07/2025,1:56 PM 02/07/2025,,1002736760296
FNKO,,FUNKO INC A,Filled,Sell,40 Shares,Stop market $13.81,GTC,$13.81,No,9:48 AM 02/06/2025,1:35 PM 02/07/2025,,1002723112848
MDB,,MONGODB INC A,Filled,Buy,4 Shares,Limit $278.02,Day,$278.02,No,1:25 PM 02/07/2025,1:35 PM 02/07/2025,,1002736760415
PBPB,,POTBELLY CORP,Filled,Sell,100 Shares,Stop market $12.74,GTC,$12.71,No,10:02 AM 02/07/2025,10:57 AM 02/07/2025,,1002731847807
EAT,,BRINKER INTL INC,Filled,Sell,3 Shares,Stop market $176.98,GTC,$176.84,No,10:06 AM 02/04/2025,10:43 AM 02/07/2025,,1002707188406
LULU,,LULULEMON ATHLETICA,Filled,Sell,5 Shares,Stop market $407.64,GTC,$407.10,No,3:44 PM 02/06/2025,10:30 AM 02/07/2025,,1002728683783
GTLB,,GITLAB INC A,Filled,Sell,5 Shares,Stop market $70.97,GTC,$70.96,No,7:56 PM 02/06/2025,10:00 AM 02/07/2025,,1002729869521
PBPB,,POTBELLY CORP,Filled,Buy,100 Shares,Limit $12.95,Day,$12.95,No,9:57 AM 02/07/2025,10:00 AM 02/07/2025,,1002731847432
ADBE,,ADOBE INC,Filled,Sell,2 Shares,Limit $439.60,Day,$439.60,No,9:50 AM 02/07/2025,9:50 AM 02/07/2025,,1002731846891
CDW,,CDW CORP,Filled,Sell,10 Shares,Limit $198.76,Day,$198.76,No,3:42 PM 02/06/2025,3:42 PM 02/06/2025,,1002728683718
LULU,,LULULEMON ATHLETICA,Filled,Buy,5 Shares,Limit $412.58,Day,$412.58,No,3:40 PM 02/06/2025,3:41 PM 02/06/2025,,1002728683667
CDW,,CDW CORP,Filled,Buy,10 Shares,Limit $201.80,Day,$201.80,No,12:22 PM 02/06/2025,12:22 PM 02/06/2025,,1002726486928
ODFL,,OLD DOMINION FREIGHT,Filled,Buy,3 Shares,Limit $200.24,Day,$200.24,No,10:04 AM 02/06/2025,10:04 AM 02/06/2025,,1002723113878
FNKO,,FUNKO INC A,Filled,Buy,40 Shares,Limit $14.19,Day,$14.19,No,9:46 AM 02/06/2025,9:47 AM 02/06/2025,,1002723112694
CDW,,CDW CORP,Filled,Sell,5 Shares,Stop market $203.41,GTC,$203.385,No,4:48 PM 02/05/2025,9:34 AM 02/06/2025,,1002721019305
TMUS,,T-MOBILE US INC,Filled,Buy,2 Shares,Limit $241.22,Day,$241.22,No,3:45 PM 02/05/2025,3:45 PM 02/05/2025,,1002721018466
ISRG,,INTUITIVE SURGICAL I,Filled,Buy,3 Shares,Limit $591.13,Day,$591.13,No,2:52 PM 02/05/2025,2:53 PM 02/05/2025,,1002719713282
TMUS,,T-MOBILE US INC,Filled,Buy,3 Shares,Limit $240.61,Day,$240.61,No,12:20 PM 02/05/2025,12:20 PM 02/05/2025,,1002718488195
CDW,,CDW CORP,Filled,Buy,5 Shares,Limit $208.61,Day,$208.61,No,11:53 AM 02/05/2025,11:56 AM 02/05/2025,,1002717491342
PAYX,,PAYCHEX INC,Filled,Buy,5 Shares,Limit $149.60,Day,$149.60,No,3:48 PM 02/04/2025,3:48 PM 02/04/2025,,1002712650270
CAVA,,CAVA GROUP INC,Filled,Buy,2 Shares,Limit $142.45,Day,$142.45,No,2:43 PM 02/04/2025,2:47 PM 02/04/2025,,1002711574411
CTAS,,CINTAS CORP,Filled,Buy,10 Shares,Limit $201.66,Day,$201.66,No,2:39 PM 02/04/2025,2:39 PM 02/04/2025,,1002711574319
EAT,,BRINKER INTL INC,Filled,Buy,3 Shares,Limit $189.93,Day,$189.93,No,3:41 PM 02/03/2025,3:44 PM 02/03/2025,,1002704224364
CRWD,,CROWDSTRIKE HLDGS IN A,Filled,Buy,2 Shares,Limit $399.50,Day,$399.50,No,3:24 PM 02/03/2025,3:25 PM 02/03/2025,,1002703403840
UPRO,,PROSHARES ULTRAPRO S&P 500 ETF,Filled,Buy,40 Shares,Limit $93.68,Day,$93.68,No,2:53 PM 02/03/2025,2:54 PM 02/03/2025,,1002703402855
NFLX,,NETFLIX INC,Filled,Buy,2 Shares,Limit $977.39,Day,$977.39,No,11:08 AM 02/03/2025,12:34 PM 02/03/2025,,1002699987375
SOFI,,SOFI TECHNOLOGIES IN,Filled,Sell,10 Shares,Stop market $15.12,GTC,$15.01,No,10:03 AM 01/30/2025,10:41 AM 02/03/2025,,1002679722310
TEAM,,ATLASSIAN CORP A,Filled,Buy,2 Shares,Limit $313.25,Day,$313.25,No,10:36 AM 02/03/2025,10:37 AM 02/03/2025,,1002699149543
UPRO,,PROSHARES ULTRAPRO S&P 500 ETF,Filled,Sell,40 Shares,Stop market $89.37,GTC,$89.355,No,9:52 AM 02/03/2025,10:16 AM 02/03/2025,,1002698204185
TQQQ,,PROSHARES ULTRAPRO QQQ ETF,Filled,Sell,25 Shares,Stop market $77.90,GTC,$77.90,No,9:14 AM 02/03/2025,10:02 AM 02/03/2025,,1002696323539
FOUR,,SHIFT4 PMTS INC A,Filled,Sell,3 Shares,Stop market $117.21,GTC,$113.18,No,12:36 PM 01/31/2025,9:35 AM 02/03/2025,,1002691291326
RDDT,,REDDIT INC A,Filled,Sell,3 Shares,Stop market $195.59,GTC,$192.00,No,12:42 PM 01/31/2025,9:35 AM 02/03/2025,,1002691291453
GEV,,GE VERNOVA INC,Filled,Sell,1 Shares,Stop market $364.83,GTC,$351.20,No,11:20 AM 01/30/2025,9:31 AM 02/03/2025,,1002681480937
APP,,APPLOVIN CORP A,Filled,Sell,1 Shares,Stop market $363.91,GTC,$353.00,No,12:30 PM 01/31/2025,9:30 AM 02/03/2025,,1002691291140
ASAN,,ASANA INC A,Filled,Sell,10 Shares,Stop market $20.76,GTC,$20.25,No,9:52 AM 01/30/2025,9:30 AM 02/03/2025,,1002678723457
BILL,,BILL HOLDINGS INC,Filled,Sell,4 Shares,Stop market $95.40,GTC,$93.52,No,12:31 PM 01/31/2025,9:30 AM 02/03/2025,,1002691291176
BROS,,DUTCH BROS INC A,Filled,Sell,15 Shares,Stop market $61.58,GTC,$60.16,No,12:32 PM 01/31/2025,9:30 AM 02/03/2025,,1002691291209
CART,,MAPLEBEAR INC,Filled,Sell,15 Shares,Stop market $46.64,GTC,$46.27,No,12:33 PM 01/31/2025,9:30 AM 02/03/2025,,1002691291224
CRWD,,CROWDSTRIKE HLDGS IN A,Filled,Sell,1 Shares,Stop market $390.12,GTC,$385.15,No,12:34 PM 01/31/2025,9:30 AM 02/03/2025,,1002691291258
DOCU,,DOCUSIGN INC,Filled,Sell,7 Shares,Stop market $93.80,GTC,$93.13,No,3:19 PM 01/30/2025,9:30 AM 02/03/2025,,1002684719105
HOOD,,ROBINHOOD MKTS INC A,Filled,Sell,10 Shares,Stop market $50.77,GTC,$48.11,No,12:38 PM 01/31/2025,9:30 AM 02/03/2025,,1002691291377
IBIT,,ISHARES BITCOIN ETF,Filled,Sell,15 Shares,Stop market $56.05,GTC,$53.92,No,6:58 PM 01/27/2025,9:30 AM 02/03/2025,,1002660762689
NVDA,,NVIDIA CORP,Filled,Sell,3 Shares,Stop market $116.15,GTC,$114.00,No,5:36 PM 01/28/2025,9:30 AM 02/03/2025,,1002669028957
PCAR,,PACCAR INC,Filled,Sell,15 Shares,Stop market $109.65,GTC,$109.04,No,12:07 PM 01/29/2025,9:30 AM 02/03/2025,,1002673562191
RBRK,,RUBRIK INC A,Filled,Sell,4 Shares,Stop market $70.61,GTC,$69.10,No,11:51 AM 01/29/2025,9:30 AM 02/03/2025,,1002672701607
VERX,,VERTEX INC A,Filled,Sell,3 Shares,Stop market $57.04,GTC,$55.87,No,2:41 PM 01/30/2025,9:30 AM 02/03/2025,,1002683579952
VIK,,VIKING HLDGS LTD,Filled,Sell,10 Shares,Stop market $49.39,GTC,$48.87,No,2:42 PM 01/30/2025,9:30 AM 02/03/2025,,1002683579964
BOOT,,BOOT BARN HLDGS INC,Filled,Sell,15 Shares,Stop market $161.49,Day,$161.08,No,2:32 PM 01/31/2025,2:46 PM 01/31/2025,,1002693153984
ONON,,ON HLDG AG A,Filled,Buy,15 Shares,Limit $61.29,Day,$61.29,No,12:40 PM 01/31/2025,1:24 PM 01/31/2025,,1002691291420
BOOT,,BOOT BARN HLDGS INC,Filled,Buy,15 Shares,Limit $167.89,Day,$167.89,No,1:13 PM 01/31/2025,1:14 PM 01/31/2025,,1002692248561
TTWO,,TAKE-TWO INTERACTIVE,Filled,Sell,4 Shares,Stop market $187.47,GTC,$187.41,No,2:40 PM 01/30/2025,11:52 AM 01/31/2025,,1002683579937
ANGO,,ANGIODYNAMICS INC,Filled,Sell,10 Shares,Stop market $12.25,GTC,$11.92,No,11:18 AM 01/30/2025,9:31 AM 01/31/2025,,1002681480830
DECK,,DECKERS OUTDOOR CORP,Filled,Sell,3 Shares,Stop market $208.45,GTC,$194.35,No,3:53 PM 01/29/2025,9:31 AM 01/31/2025,,1002676854256
ONON,,ON HLDG AG A,Filled,Sell,10 Shares,Stop market $60.05,GTC,$60.05,No,3:24 PM 01/29/2025,9:30 AM 01/31/2025,,1002676058990
ADBE,,ADOBE INC,Filled,Buy,2 Shares,Limit $448.09,Day,$448.09,No,3:27 PM 01/30/2025,3:27 PM 01/30/2025,,1002684719312
VERX,,VERTEX INC A,Filled,Sell,7 Shares,Stop market $57.41,GTC,$57.39,No,5:38 PM 01/28/2025,11:36 AM 01/30/2025,,1002669028959
GEV,,GE VERNOVA INC,Filled,Buy,1 Shares,Limit $375.84,Day,$375.84,No,10:18 AM 01/30/2025,10:19 AM 01/30/2025,,1002679723343
ANGO,,ANGIODYNAMICS INC,Filled,Buy,10 Shares,Limit $13.17,Day,$13.17,No,10:15 AM 01/30/2025,10:17 AM 01/30/2025,,1002679723137
SOFI,,SOFI TECHNOLOGIES IN,Filled,Buy,10 Shares,Limit $16.48,Day,$16.48,No,10:02 AM 01/30/2025,10:02 AM 01/30/2025,,1002679722206
ASAN,,ASANA INC A,Filled,Buy,10 Shares,Limit $22.40,Day,$22.40,No,9:50 AM 01/30/2025,9:51 AM 01/30/2025,,1002678723345
CART,,MAPLEBEAR INC,Filled,Sell,5 Shares,Limit $49.51,Day,$49.51,No,9:40 AM 01/30/2025,9:40 AM 01/30/2025,,1002678722467
NOW,,SERVICENOW INC,Filled,Sell,2 Shares,"Stop market $1,131.87",GTC,"$1,024.825",Yes,3:44 PM 01/29/2025,9:31 AM 01/30/2025,,1002676059860
DDOG,,DATADOG INC A,Filled,Sell,3 Shares,Stop market $141.86,GTC,$141.22,No,3:35 PM 01/29/2025,9:30 AM 01/30/2025,,1002676059469
HOOD,,ROBINHOOD MKTS INC A,Filled,Buy,10 Shares,Limit $50.76,Day,$50.76,No,3:32 PM 01/29/2025,3:53 PM 01/29/2025,,1002676059338
DECK,,DECKERS OUTDOOR CORP,Filled,Buy,3 Shares,Limit $219.08,Day,$219.08,No,3:39 PM 01/29/2025,3:52 PM 01/29/2025,,1002676059651
DDOG,,DATADOG INC A,Filled,Buy,3 Shares,Limit $146.90,Day,$146.90,No,3:33 PM 01/29/2025,3:34 PM 01/29/2025,,1002676059390
VIK,,VIKING HLDGS LTD,Filled,Buy,10 Shares,Limit $49.38,Day,$49.38,No,3:17 PM 01/29/2025,3:18 PM 01/29/2025,,1002676058656
FOUR,,SHIFT4 PMTS INC A,Filled,Buy,3 Shares,Limit $117.20,Day,$117.20,No,3:13 PM 01/29/2025,3:14 PM 01/29/2025,,1002676058488
APP,,APPLOVIN CORP A,Filled,Buy,1 Shares,Limit $366.07,Day,$366.07,No,3:01 PM 01/29/2025,3:04 PM 01/29/2025,,1002676058053
AMGN,,AMGEN INC,Filled,Sell,5 Shares,Stop market $279.87,GTC,$279.7734,No,9:46 AM 01/29/2025,1:02 PM 01/29/2025,,1002670806120
BROS,,DUTCH BROS INC A,Filled,Buy,15 Shares,Limit $61.57,Day,$61.57,No,12:13 PM 01/29/2025,12:14 PM 01/29/2025,,1002673562318
PCAR,,PACCAR INC,Filled,Buy,15 Shares,Limit $111.38,Day,$111.38,No,12:05 PM 01/29/2025,12:07 PM 01/29/2025,,1002673562125
NFLX,,NETFLIX INC,Filled,Buy,1 Shares,Limit $972.72,Day,$972.72,No,11:50 AM 01/29/2025,11:56 AM 01/29/2025,,1002672701546
AEP,,AMERICAN ELEC PWR CO,Filled,Sell,10 Shares,Stop market $99.65,GTC,$99.6114,No,9:47 AM 01/29/2025,10:09 AM 01/29/2025,,1002670806176
FAST,,FASTENAL CO,Filled,Sell,20 Shares,Stop market $74.89,GTC,$74.86,No,10:47 AM 01/24/2025,3:50 PM 01/28/2025,,1002645566650
NVDA,,NVIDIA CORP,Filled,Buy,3 Shares,Limit $126.62,Day,$126.5685,No,2:09 PM 01/28/2025,2:09 PM 01/28/2025,,1002667119022
GEHC,,GE HEALTHCARE TECHNO,Filled,Sell,5 Shares,Stop market $88.07,GTC,$88.06,No,12:48 PM 01/27/2025,1:32 PM 01/28/2025,,1002656947538
DOCU,,DOCUSIGN INC,Filled,Buy,7 Shares,Limit $98.42,Day,$98.42,No,1:05 PM 01/28/2025,1:11 PM 01/28/2025,,1002665897492
DASH,,DOORDASH INC A,Filled,Buy,4 Shares,Limit $183.00,Day,$183.00,No,12:48 PM 01/28/2025,12:48 PM 01/28/2025,,1002665897164
UPRO,,PROSHARES ULTRAPRO S&P 500 ETF,Filled,Buy,40 Shares,Limit $92.85,Day,$92.85,No,3:23 PM 01/27/2025,3:23 PM 01/27/2025,,1002659892557
TQQQ,,PROSHARES ULTRAPRO QQQ ETF,Filled,Sell,45 Shares,Limit $78.03,Day,$78.03,No,3:21 PM 01/27/2025,3:21 PM 01/27/2025,,1002659892521
GOOG,,ALPHABET INC C,Filled,Sell,8 Shares,Stop market $193.23,GTC,$193.25,No,8:43 AM 01/27/2025,3:06 PM 01/27/2025,,1002651651354
TQQQ,,PROSHARES ULTRAPRO QQQ ETF,Filled,Sell,40 Shares,Limit $78.65,Day,$78.6502,No,2:34 PM 01/27/2025,2:34 PM 01/27/2025,,1002659026721
UPRO,,PROSHARES ULTRAPRO S&P 500 ETF,Filled,Buy,40 Shares,Limit $93.30,Day,$93.30,No,2:34 PM 01/27/2025,2:34 PM 01/27/2025,,1002659026740
NOW,,SERVICENOW INC,Filled,Buy,2 Shares,"Limit $1,137.53",Day,"$1,137.53",No,2:09 PM 01/27/2025,2:10 PM 01/27/2025,,1002657999958
RDDT,,REDDIT INC A,Filled,Buy,3 Shares,Limit $179.00,Day,$179.00,No,1:26 PM 01/27/2025,1:27 PM 01/27/2025,,1002657998685
RUM,,RUMBLE INC A,Filled,Sell,20 Shares,Stop market $12.01,GTC,$12.01,No,9:55 AM 01/24/2025,1:26 PM 01/27/2025,,1002643655576
SFM,,SPROUTS FMRS MKT INC,Filled,Buy,3 Shares,Limit $149.21,Day,$149.21,No,1:12 PM 01/27/2025,1:19 PM 01/27/2025,,1002657998328
AEP,,AMERICAN ELEC PWR CO,Filled,Buy,10 Shares,Limit $100.79,Day,$100.79,No,1:18 PM 01/27/2025,1:18 PM 01/27/2025,,1002657998490
TTWO,,TAKE-TWO INTERACTIVE,Filled,Buy,4 Shares,Limit $187.46,Day,$187.46,No,11:26 AM 01/27/2025,11:28 AM 01/27/2025,,1002655982528
CART,,MAPLEBEAR INC,Filled,Buy,20 Shares,Limit $46.63,Day,$46.63,No,11:21 AM 01/27/2025,11:22 AM 01/27/2025,,1002655982285
BILL,,BILL HOLDINGS INC,Filled,Buy,4 Shares,Limit $95.39,Day,$95.39,No,11:19 AM 01/27/2025,11:19 AM 01/27/2025,,1002655982202
RBRK,,RUBRIK INC A,Filled,Buy,4 Shares,Limit $70.60,Day,$70.60,No,11:18 AM 01/27/2025,11:18 AM 01/27/2025,,1002655982152
ONON,,ON HLDG AG A,Filled,Buy,10 Shares,Limit $60.04,Day,$60.04,No,11:15 AM 01/27/2025,11:15 AM 01/27/2025,,1002655982042
CRWD,,CROWDSTRIKE HLDGS IN A,Filled,Buy,1 Shares,Limit $375.12,Day,$375.12,No,11:14 AM 01/27/2025,11:14 AM 01/27/2025,,1002655982017
GTLB,,GITLAB INC A,Filled,Buy,5 Shares,Limit $66.10,Day,$66.10,No,11:13 AM 01/27/2025,11:14 AM 01/27/2025,,1002655129985
VERX,,VERTEX INC A,Filled,Buy,7 Shares,Limit $58.06,Day,$58.06,No,11:10 AM 01/27/2025,11:14 AM 01/27/2025,,1002655129832
SFM,,SPROUTS FMRS MKT INC,Filled,Sell,5 Shares,Stop market $142.22,GTC,$142.49,No,8:38 AM 01/27/2025,9:40 AM 01/27/2025,,1002651651268
BE,,BLOOM ENERGY CORP A,Filled,Sell,20 Shares,Stop market $25.79,GTC,$24.34,No,11:31 AM 01/24/2025,9:32 AM 01/27/2025,,1002646594267
RDDT,,REDDIT INC A,Filled,Sell,2 Shares,Stop market $178.40,GTC,$176.00,No,12:05 PM 01/24/2025,9:32 AM 01/27/2025,,1002646595327
APP,,APPLOVIN CORP A,Filled,Sell,1 Shares,Stop market $343.08,GTC,$340.23,No,10:51 AM 01/23/2025,9:30 AM 01/27/2025,,1002637474845
BILL,,BILL HOLDINGS INC,Filled,Sell,5 Shares,Stop market $91.84,GTC,$91.905,No,11:38 AM 01/24/2025,9:30 AM 01/27/2025,,1002646594434
BROS,,DUTCH BROS INC A,Filled,Sell,12 Shares,Stop market $58.68,GTC,$58.17,No,10:31 AM 01/24/2025,9:30 AM 01/27/2025,,1002644589881
CDW,,CDW CORP,Filled,Sell,4 Shares,Stop market $191.09,GTC,$191.48,No,6:02 PM 01/23/2025,9:30 AM 01/27/2025,,1002641955470
CPRT,,COPART INC,Filled,Sell,20 Shares,Stop market $56.92,GTC,$56.986,No,5:58 PM 01/24/2025,9:30 AM 01/27/2025,,1002650752563
HOOD,,ROBINHOOD MKTS INC A,Filled,Sell,20 Shares,Stop market $49.16,GTC,$48.26,No,11:20 AM 01/23/2025,9:30 AM 01/27/2025,,1002638412071
IBIT,,ISHARES BITCOIN ETF,Filled,Sell,5 Shares,Stop market $58.06,GTC,$57.16,No,6:05 PM 01/23/2025,9:30 AM 01/27/2025,,1002641955476
IONQ,,IONQ INC,Filled,Sell,5 Shares,Stop market $38.70,GTC,$37.875,No,11:17 AM 01/24/2025,9:30 AM 01/27/2025,,1002645567829
KMI,,KINDER MORGAN INC DE,Filled,Sell,10 Shares,Stop market $30.02,GTC,$29.08,No,10:25 AM 01/23/2025,9:30 AM 01/27/2025,,1002636539481
MGNI,,MAGNITE INC,Filled,Sell,20 Shares,Stop market $16.81,GTC,$16.19,No,11:42 AM 01/24/2025,9:30 AM 01/27/2025,,1002646594556
MRVL,,MARVELL TECHNOLOGY I,Filled,Sell,4 Shares,Stop market $121.63,GTC,$104.76,No,10:29 AM 01/23/2025,9:30 AM 01/27/2025,,1002636539755
PLTR,,PALANTIR TECHNOLOGIE A,Filled,Sell,10 Shares,Stop market $75.74,GTC,$73.75,No,2:48 PM 01/24/2025,9:30 AM 01/27/2025,,1002648915753
QCOM,,QUALCOMM INC,Filled,Sell,5 Shares,Stop market $171.86,GTC,$171.54,No,10:04 AM 01/24/2025,9:30 AM 01/27/2025,,1002644588305
RBLX,,ROBLOX CORP A,Filled,Sell,10 Shares,Stop market $64.00,GTC,$63.92,No,6:06 PM 01/23/2025,9:30 AM 01/27/2025,,1002641955485
RBRK,,RUBRIK INC A,Filled,Sell,4 Shares,Stop market $69.42,GTC,$68.05,No,12:03 PM 01/24/2025,9:30 AM 01/27/2025,,1002646595255
VERX,,VERTEX INC A,Filled,Sell,7 Shares,Stop market $55.62,GTC,$55.281,No,6:54 PM 01/22/2025,9:30 AM 01/27/2025,,1002634652255
CPRT,,COPART INC,Filled,Buy,20 Shares,Limit $57.55,Day,$57.55,No,3:01 PM 01/24/2025,3:18 PM 01/24/2025,,1002649832154
SFM,,SPROUTS FMRS MKT INC,Filled,Buy,5 Shares,Limit $146.28,Day,$146.28,No,2:50 PM 01/24/2025,2:59 PM 01/24/2025,,1002648915812
GOOG,,ALPHABET INC C,Filled,Buy,8 Shares,Limit $201.96,Day,$201.96,No,2:53 PM 01/24/2025,2:54 PM 01/24/2025,,1002648915878
CRDO,,CREDO TECHNOLOGY GRO,Filled,Sell,5 Shares,Stop market $81.13,GTC,$81.11,No,10:20 AM 01/23/2025,1:58 PM 01/24/2025,,1002636539266
IONQ,,IONQ INC,Filled,Buy,5 Shares,Limit $42.94,Day,$42.94,No,11:16 AM 01/24/2025,11:16 AM 01/24/2025,,1002645567770
FAST,,FASTENAL CO,Filled,Buy,20 Shares,Limit $75.93,Day,$75.93,No,10:45 AM 01/24/2025,10:46 AM 01/24/2025,,1002645566564
MSTR,,MICROSTRATEGY INC A,Filled,Sell,2 Shares,Stop market $367.66,GTC,$367.59,No,11:36 AM 01/23/2025,10:15 AM 01/24/2025,,1002638412774
SFM,,SPROUTS FMRS MKT INC,Filled,Sell,5 Shares,Stop market $142.94,GTC,$142.90,No,3:43 PM 01/23/2025,9:43 AM 01/24/2025,,1002641954032
ADTN,,ADTRAN HLDGS INC,Filled,Sell,20 Shares,Stop market $10.22,GTC,$10.23,No,11:57 AM 01/22/2025,9:32 AM 01/24/2025,,1002630387956
BILL,,BILL HOLDINGS INC,Filled,Buy,5 Shares,Limit $91.83,Day,$91.83,No,2:42 PM 01/23/2025,2:43 PM 01/23/2025,,1002640337944
AMGN,,AMGEN INC,Filled,Buy,5 Shares,Limit $276.11,Day,$276.11,No,2:13 PM 01/23/2025,2:18 PM 01/23/2025,,1002640337198
BROS,,DUTCH BROS INC A,Filled,Buy,6 Shares,Limit $60.30,Day,$60.30,No,2:06 PM 01/23/2025,2:08 PM 01/23/2025,,1002640336959
GOOG,,ALPHABET INC C,Filled,Sell,5 Shares,Stop market $198.84,Day,$198.81,No,10:54 AM 01/23/2025,1:54 PM 01/23/2025,,1002637474914
TQQQ,,PROSHARES ULTRAPRO QQQ ETF,Filled,Buy,20 Shares,Limit $87.48,Day,$87.48,No,1:23 PM 01/23/2025,1:25 PM 01/23/2025,,1002639377727
RUM,,RUMBLE INC A,Filled,Buy,20 Shares,Limit $13.14,Day,$13.14,No,11:50 AM 01/23/2025,11:51 AM 01/23/2025,,1002638413251
MSTR,,MICROSTRATEGY INC A,Filled,Buy,2 Shares,Limit $383.86,Day,$383.86,No,11:35 AM 01/23/2025,11:35 AM 01/23/2025,,1002638412707
NFLX,,NETFLIX INC,Filled,Buy,1 Shares,Limit $972.58,Day,$972.58,No,11:19 AM 01/23/2025,11:20 AM 01/23/2025,,1002638412029
HOOD,,ROBINHOOD MKTS INC A,Filled,Buy,20 Shares,Limit $50.76,Day,$50.76,No,11:13 AM 01/23/2025,11:16 AM 01/23/2025,,1002637475718
GEO,,GEO GROUP INC NEW REIT,Filled,Sell,30 Shares,Stop market $33.77,GTC,$33.76,No,2:37 PM 01/22/2025,10:59 AM 01/23/2025,,1002633001093
BE,,BLOOM ENERGY CORP A,Filled,Buy,20 Shares,Limit $25.78,Day,$25.78,No,10:45 AM 01/23/2025,10:45 AM 01/23/2025,,1002637474568
IBIT,,ISHARES BITCOIN ETF,Filled,Buy,20 Shares,Limit $59.59,Day,$59.575,No,10:42 AM 01/23/2025,10:42 AM 01/23/2025,,1002637474393
TSLA,,TESLA INC,Filled,Sell,1 Shares,Limit $414.60,Day,$414.60,No,10:39 AM 01/23/2025,10:39 AM 01/23/2025,,1002637474221
RBLX,,ROBLOX CORP A,Filled,Buy,10 Shares,Limit $66.05,Day,$66.05,No,10:35 AM 01/23/2025,10:35 AM 01/23/2025,,1002637474038
GOOG,,ALPHABET INC C,Filled,Buy,5 Shares,Limit $200.55,Day,$200.55,No,10:24 AM 01/23/2025,10:24 AM 01/23/2025,,1002636539439
GLBE,,GLOBAL-E ONLINE LTD,Filled,Sell,10 Shares,Stop market $55.10,GTC,$55.08,No,9:29 AM 01/22/2025,10:07 AM 01/23/2025,,1002626781302
AVGO,,BROADCOM INC,Filled,Sell,4 Shares,Stop market $236.44,GTC,$236.36,No,9:10 AM 01/22/2025,9:33 AM 01/23/2025,,1002626781040
GOOG,,ALPHABET INC C,Filled,Sell,5 Shares,Stop market $199.10,GTC,$199.08,No,6:47 PM 01/22/2025,9:32 AM 01/23/2025,,1002634652251
NXPI,,NXP SEMICONDUCTORS N,Filled,Sell,5 Shares,Stop market $213.23,GTC,$213.2325,No,9:51 AM 01/22/2025,9:31 AM 01/23/2025,,1002627767530
RBLX,,ROBLOX CORP A,Filled,Sell,5 Shares,Stop market $65.11,GTC,$64.60,No,6:50 PM 01/22/2025,9:31 AM 01/23/2025,,1002634652252
BILL,,BILL HOLDINGS INC,Filled,Sell,5 Shares,Stop market $90.53,GTC,$88.99,No,10:52 AM 01/22/2025,9:30 AM 01/23/2025,,1002629427448
TQQQ,,PROSHARES ULTRAPRO QQQ ETF,Filled,Sell,15 Shares,Stop market $86.61,GTC,$86.46,No,10:54 AM 01/22/2025,9:30 AM 01/23/2025,,1002629427519
BE,,BLOOM ENERGY CORP A,Filled,Sell,20 Shares,Stop market $25.63,GTC,$25.62,No,10:39 AM 01/22/2025,3:13 PM 01/22/2025,,1002629426832
GEO,,GEO GROUP INC NEW REIT,Filled,Buy,30 Shares,Limit $34.15,Day,$34.15,No,2:32 PM 01/22/2025,2:34 PM 01/22/2025,,1002633000926
APP,,APPLOVIN CORP A,Filled,Buy,1 Shares,Limit $363.90,Day,$363.90,No,12:05 PM 01/22/2025,12:07 PM 01/22/2025,,1002631348187
MGNI,,MAGNITE INC,Filled,Buy,20 Shares,Limit $16.91,Day,$16.91,No,11:50 AM 01/22/2025,11:50 AM 01/22/2025,,1002630387712
BILL,,BILL HOLDINGS INC,Filled,Buy,5 Shares,Limit $92.56,Day,$92.56,No,10:32 AM 01/22/2025,10:43 AM 01/22/2025,,1002629426496
NFLX,,NETFLIX INC,Filled,Sell,1 Shares,Stop market $966.41,GTC,$966.02,No,9:43 AM 01/22/2025,10:39 AM 01/22/2025,,1002627766757
BE,,BLOOM ENERGY CORP A,Filled,Buy,20 Shares,Limit $26.25,Day,$26.25,No,10:37 AM 01/22/2025,10:37 AM 01/22/2025,,1002629426755
GEO,,GEO GROUP INC NEW REIT,Filled,Sell,14 Shares,Stop market $33.77,GTC,$33.77,No,9:26 AM 01/22/2025,9:50 AM 01/22/2025,,1002626781255
NXPI,,NXP SEMICONDUCTORS N,Filled,Buy,5 Shares,Limit $217.79,Day,$217.70,No,9:48 AM 01/22/2025,9:48 AM 01/22/2025,,1002627767327
GLBE,,GLOBAL-E ONLINE LTD,Filled,Buy,10 Shares,Limit $57.10,Day,$57.10,No,3:27 PM 01/21/2025,3:33 PM 01/21/2025,,1002625027216
GEHC,,GE HEALTHCARE TECHNO,Filled,Buy,5 Shares,Limit $87.33,Day,$87.33,No,3:16 PM 01/21/2025,3:30 PM 01/21/2025,,1002625026913
CRDO,,CREDO TECHNOLOGY GRO,Filled,Buy,5 Shares,Limit $81.12,Day,$81.12,No,3:22 PM 01/21/2025,3:22 PM 01/21/2025,,1002625027056
TQQQ,,PROSHARES ULTRAPRO QQQ ETF,Filled,Buy,20 Shares,Limit $85.01,Day,$85.01,No,2:11 PM 01/21/2025,2:12 PM 01/21/2025,,1002624149247
RDDT,,REDDIT INC A,Filled,Buy,2 Shares,Limit $188.86,Day,$188.86,No,2:05 PM 01/21/2025,2:08 PM 01/21/2025,,1002624149048
SFM,,SPROUTS FMRS MKT INC,Filled,Buy,5 Shares,Limit $142.93,Day,$142.93,No,9:50 AM 01/21/2025,9:50 AM 01/21/2025,,1002619670403
ADTN,,ADTRAN HLDGS INC,Filled,Buy,20 Shares,Limit $10.69,Day,$10.69,No,9:41 AM 01/21/2025,9:41 AM 01/21/2025,,1002618747599
ROOT,,ROOT INC A,Filled,Sell,4 Shares,Stop market $82.40,GTC,$81.66,No,12:01 PM 01/15/2025,9:37 AM 01/21/2025,,1002597710035
TQQQ,,PROSHARES ULTRAPRO QQQ ETF,Filled,Buy,20 Shares,Limit $83.13,Day,$83.13,No,3:36 PM 01/17/2025,3:55 PM 01/17/2025,,1002616061086
AVGO,,BROADCOM INC,Filled,Buy,4 Shares,Limit $236.43,Day,$236.43,No,2:36 PM 01/17/2025,3:16 PM 01/17/2025,,1002614991182
MRVL,,MARVELL TECHNOLOGY I,Filled,Buy,4 Shares,Limit $123.40,Day,$123.40,No,2:36 PM 01/17/2025,3:07 PM 01/17/2025,,1002614991188
TSLA,,TESLA INC,Filled,Buy,1 Shares,Limit $433.15,Day,$433.15,No,2:36 PM 01/17/2025,3:04 PM 01/17/2025,,1002614991195
NFLX,,NETFLIX INC,Filled,Buy,1 Shares,Limit $863.69,Day,$863.69,No,2:39 PM 01/17/2025,2:43 PM 01/17/2025,,1002614991276
GOOG,,ALPHABET INC C,Filled,Buy,5 Shares,Limit $197.20,Day,$197.20,No,11:31 AM 01/17/2025,11:43 AM 01/17/2025,,1002612175869
RBRK,,RUBRIK INC A,Filled,Buy,4 Shares,Limit $68.53,Day,$68.53,No,11:39 AM 01/17/2025,11:41 AM 01/17/2025,,1002613076217
QCOM,,QUALCOMM INC,Filled,Buy,5 Shares,Limit $165.10,Day,$165.10,No,11:36 AM 01/17/2025,11:36 AM 01/17/2025,,1002613076095
SOXL,,DIREXION SEMICONDUCTOR BULL 3X ETF,Filled,Sell,20 Shares,Stop market $30.10,GTC,$30.1001,No,10:27 AM 01/16/2025,3:59 PM 01/16/2025,,1002603209197
CRDO,,CREDO TECHNOLOGY GRO,Filled,Sell,8 Shares,Stop market $75.50,GTC,$75.49,No,11:35 AM 01/16/2025,3:56 PM 01/16/2025,,1002605066240
VERX,,VERTEX INC A,Filled,Buy,3 Shares,Limit $55.87,Day,$55.87,No,3:43 PM 01/16/2025,3:45 PM 01/16/2025,,1002607731010
VERX,,VERTEX INC A,Filled,Buy,7 Shares,Limit $55.93,Day,$55.91,No,3:36 PM 01/16/2025,3:39 PM 01/16/2025,,1002607730816
PLTR,,PALANTIR TECHNOLOGIE A,Filled,Buy,10 Shares,Limit $70.03,Day,$70.03,No,11:55 AM 01/16/2025,1:29 PM 01/16/2025,,1002605067000
ORLY,,O REILLY AUTOMOTIVE,Filled,Sell,1 Shares,"Stop market $1,198.60",GTC,"$1,197.71",No,10:05 AM 01/16/2025,12:31 PM 01/16/2025,,1002602127995
CRDO,,CREDO TECHNOLOGY GRO,Filled,Buy,8 Shares,Limit $77.35,Day,$77.35,No,11:22 AM 01/16/2025,11:35 AM 01/16/2025,,1002604163743
SOXL,,DIREXION SEMICONDUCTOR BULL 3X ETF,Filled,Buy,20 Shares,Limit $30.92,Day,$30.9195,No,10:26 AM 01/16/2025,10:26 AM 01/16/2025,,1002603209171
RBLX,,ROBLOX CORP A,Filled,Buy,5 Shares,Limit $63.71,Day,$63.71,No,2:34 PM 01/15/2025,2:34 PM 01/15/2025,,1002599578030
BROS,,DUTCH BROS INC A,Filled,Sell,6 Shares,Stop market $58.34,GTC,$58.32,No,3:49 PM 01/14/2025,11:52 AM 01/15/2025,,1002592542307
ROOT,,ROOT INC A,Filled,Buy,4 Shares,Limit $86.86,Day,$86.86,No,11:48 AM 01/15/2025,11:52 AM 01/15/2025,,1002596813664
BROS,,DUTCH BROS INC A,Filled,Buy,6 Shares,Limit $59.07,Day,$59.07,No,3:23 PM 01/14/2025,3:33 PM 01/14/2025,,1002591577582
KMI,,KINDER MORGAN INC DE,Filled,Buy,10 Shares,Limit $29.08,Day,$29.08,No,12:17 PM 01/14/2025,12:20 PM 01/14/2025,,1002589756678
CDW,,CDW CORP,Filled,Buy,4 Shares,Limit $185.90,Day,$185.90,No,12:09 PM 01/14/2025,12:10 PM 01/14/2025,,1002589756444
GEO,,GEO GROUP INC NEW REIT,Filled,Buy,7 Shares,Limit $30.51,Day,$30.51,No,3:28 PM 01/13/2025,3:28 PM 01/13/2025,,1002583897625
TQQQ,,PROSHARES ULTRAPRO QQQ ETF,Filled,Buy,20 Shares,Limit $75.61,Day,$75.61,No,3:21 PM 01/13/2025,3:21 PM 01/13/2025,,1002583897419
ORLY,,O REILLY AUTOMOTIVE,Filled,Buy,1 Shares,"Limit $1,211.08",Day,"$1,211.08",No,2:19 PM 01/13/2025,2:20 PM 01/13/2025,,1002583165749
VRT,,VERTIV HLDGS CO A,Filled,Sell,3 Shares,Stop market $122.04,GTC,$121.91,No,9:18 AM 01/13/2025,9:30 AM 01/13/2025,,1002577569800
BROS,,DUTCH BROS INC A,Filled,Buy,6 Shares,Limit $57.34,Day,$57.34,No,3:52 PM 01/10/2025,3:59 PM 01/10/2025,,1002576750529
VRT,,VERTIV HLDGS CO A,Filled,Buy,3 Shares,Limit $128.33,Day,$128.3079,No,3:53 PM 01/10/2025,3:53 PM 01/10/2025,,1002576750601
CELH,,CELSIUS HLDGS INC,Filled,Sell,15 Shares,Stop market $27.76,GTC,$27.74,No,3:23 PM 01/08/2025,9:34 AM 01/10/2025,,1002566739643
CELH,,CELSIUS HLDGS INC,Filled,Buy,15 Shares,Limit $28.87,Day,$28.87,No,3:20 PM 01/08/2025,3:22 PM 01/08/2025,,1002566739579
GEO,,GEO GROUP INC NEW REIT,Filled,Buy,7 Shares,Limit $30.53,Day,$30.53,No,1:08 PM 01/08/2025,1:09 PM 01/08/2025,,1002565151685
TQQQ,,PROSHARES ULTRAPRO QQQ ETF,Filled,Buy,20 Shares,Limit $80.14,Day,$80.115,No,1:05 PM 01/08/2025,1:05 PM 01/08/2025,,1002565151616
HALO,,HALOZYME THERAPEUTIC,Filled,Sell,20 Shares,Stop market $50.70,GTC,$50.62,No,10:01 AM 01/07/2025,10:16 AM 01/07/2025,,1002553920066
ADTN,,ADTRAN HLDGS INC,Filled,Sell,30 Shares,Stop market $9.48,GTC,$9.47,No,2:03 PM 01/06/2025,10:01 AM 01/07/2025,,1002549658262
HALO,,HALOZYME THERAPEUTIC,Filled,Buy,20 Shares,Limit $50.69,Day,$50.69,No,1:57 PM 01/06/2025,2:05 PM 01/06/2025,,1002549658089
ADTN,,ADTRAN HLDGS INC,Filled,Buy,30 Shares,Limit $9.70,Day,$9.70,No,1:53 PM 01/06/2025,1:59 PM 01/06/2025,,1002548909977
TQQQ,,PROSHARES ULTRAPRO QQQ ETF,Filled,Buy,30 Shares,Limit $81.44,Day,$81.44,No,10:05 AM 01/02/2025,10:05 AM 01/02/2025,,1002527913915
TQQQ,,PROSHARES ULTRAPRO QQQ ETF,Filled,Buy,25 Shares,Limit $82.56,Day,$82.56,No,3:22 PM 12/30/2024,3:23 PM 12/30/2024,,1002518582779
TQQQ,,PROSHARES ULTRAPRO QQQ ETF,Filled,Buy,25 Shares,Limit $82.64,Day,$82.64,No,3:14 PM 12/30/2024,3:14 PM 12/30/2024,,1002518582617
DUOL,,DUOLINGO INC A,Filled,Sell,2 Shares,Stop market $324.73,GTC,$323.50,No,11:50 AM 12/27/2024,9:50 AM 12/30/2024,,1002508896282
IBIT,,ISHARES BITCOIN ETF,Filled,Sell,10 Shares,Stop market $52.40,GTC,$52.408,No,10:19 AM 12/24/2024,9:35 AM 12/30/2024,,1002495440001
HOOD,,ROBINHOOD MKTS INC A,Filled,Sell,15 Shares,Stop market $37.59,GTC,$37.58,No,11:55 AM 12/27/2024,9:31 AM 12/30/2024,,1002508896487
AAOI,,APPLIED OPTOELECTRON,Filled,Sell,4 Shares,Stop market $36.92,GTC,$36.50,No,1:51 PM 12/27/2024,9:30 AM 12/30/2024,,1002509937275
ALAB,,ASTERA LABS INC,Filled,Sell,1 Shares,Stop market $135.37,GTC,$134.50,No,11:17 AM 12/27/2024,9:30 AM 12/30/2024,,1002508039022
APP,,APPLOVIN CORP A,Filled,Sell,2 Shares,Stop market $326.59,GTC,$328.03,No,11:28 AM 12/27/2024,9:30 AM 12/30/2024,,1002508039354
AXON,,AXON ENTERPRISE INC,Filled,Sell,2 Shares,Stop market $603.23,GTC,$599.31,No,11:11 AM 12/18/2024,9:30 AM 12/30/2024,,1002462711517
BROS,,DUTCH BROS INC A,Filled,Sell,10 Shares,Stop market $52.56,GTC,$52.081,No,11:44 AM 12/27/2024,9:30 AM 12/30/2024,,1002508896098
FOUR,,SHIFT4 PMTS INC A,Filled,Sell,15 Shares,Stop market $102.68,GTC,$102.88,No,11:47 AM 12/27/2024,9:30 AM 12/30/2024,,1002508896208
PLTR,,PALANTIR TECHNOLOGIE A,Filled,Sell,1 Shares,Stop market $77.31,GTC,$76.77,No,11:28 AM 12/28/2024,9:30 AM 12/30/2024,,1002511839034
TQQQ,,PROSHARES ULTRAPRO QQQ ETF,Filled,Sell,25 Shares,Stop market $82.18,GTC,$81.05,No,1:58 PM 12/27/2024,9:30 AM 12/30/2024,,1002509937490
TQQQ,,PROSHARES ULTRAPRO QQQ ETF,Filled,Buy,25 Shares,Limit $84.24,Day,$84.2339,No,1:57 PM 12/27/2024,1:57 PM 12/27/2024,,1002509937464
FOUR,,SHIFT4 PMTS INC A,Filled,Buy,15 Shares,Limit $106.00,Day,$106.00,No,9:56 AM 12/27/2024,9:59 AM 12/27/2024,,1002506232714
TQQQ,,PROSHARES ULTRAPRO QQQ ETF,Filled,Sell,50 Shares,Stop market $85.13,GTC,$85.12,No,3:51 PM 12/26/2024,9:36 AM 12/27/2024,,1002503665996
TQQQ,,PROSHARES ULTRAPRO QQQ ETF,Filled,Sell,50 Shares,Stop market $85.54,GTC,$85.5514,No,3:51 PM 12/26/2024,9:34 AM 12/27/2024,,1002503665966
DUOL,,DUOLINGO INC A,Filled,Buy,2 Shares,Limit $343.06,Day,$343.06,No,3:47 PM 12/26/2024,3:52 PM 12/26/2024,,1002503665818
TQQQ,,PROSHARES ULTRAPRO QQQ ETF,Filled,Buy,50 Shares,Limit $88.71,Day,$88.6999,No,3:50 PM 12/26/2024,3:50 PM 12/26/2024,,1002503665930
APP,,APPLOVIN CORP A,Filled,Buy,1 Shares,Limit $346.53,Day,$346.53,No,3:44 PM 12/26/2024,3:44 PM 12/26/2024,,1002503665688
FI,,FISERV INC,Canceled,Sell,3 Shares,Stop market $229.88,GTC,-,No,6:43 PM 02/18/2025,10:48 AM 02/21/2025,,1002790727946
ISRG,,INTUITIVE SURGICAL I,Canceled,Sell,3 Shares,Stop market $591.14,GTC,-,No,9:47 AM 02/19/2025,9:51 AM 02/21/2025,,1002792271626
TQQQ,,PROSHARES ULTRAPRO QQQ ETF,Canceled,Sell,25 Shares,Stop market $86.79,Day,-,No,11:17 AM 02/20/2025,4:05 PM 02/20/2025,,1002804094606
UPRO,,PROSHARES ULTRAPRO S&P 500 ETF,Canceled,Sell,20 Shares,Stop market $96.28,Day,-,No,11:31 AM 02/20/2025,4:05 PM 02/20/2025,,1002804095149
TOST,,TOAST INC A,Canceled,Buy,10 Shares,Limit $39.99,Day,-,No,3:49 PM 02/20/2025,3:50 PM 02/20/2025,,1002807829101
SOFI,,SOFI TECHNOLOGIES IN,Canceled,Sell,15 Shares,Stop market $14.96,GTC,-,No,11:59 AM 02/20/2025,3:44 PM 02/20/2025,,1002804862415
SOFI,,SOFI TECHNOLOGIES IN,Canceled,Sell,15 Shares,Stop market $14.69,GTC,-,No,3:29 PM 02/18/2025,11:59 AM 02/20/2025,,1002790039269
UPRO,,PROSHARES ULTRAPRO S&P 500 ETF,Canceled,Sell,40 Shares,Stop market $95.21,GTC,-,No,9:04 AM 02/20/2025,11:27 AM 02/20/2025,,1002799859809
TQQQ,,PROSHARES ULTRAPRO QQQ ETF,Canceled,Sell,50 Shares,Stop market $85.89,GTC,-,No,8:58 AM 02/20/2025,11:17 AM 02/20/2025,,1002799859756
UPRO,,PROSHARES ULTRAPRO S&P 500 ETF,Canceled,Sell,40 Shares,Stop market $89.12,GTC,-,No,8:29 AM 02/05/2025,9:04 AM 02/20/2025,,1002713658624
TQQQ,,PROSHARES ULTRAPRO QQQ ETF,Canceled,Sell,25 Shares,Stop market $85.89,GTC,-,No,8:57 AM 02/20/2025,8:58 AM 02/20/2025,,1002799859741
TQQQ,,PROSHARES ULTRAPRO QQQ ETF,Canceled,Sell,25 Shares,Stop market $81.86,GTC,-,No,11:16 AM 02/07/2025,8:57 AM 02/20/2025,,1002733889957
TMUS,,T-MOBILE US INC,Canceled,Sell,5 Shares,Stop market $254.90,GTC,-,No,8:45 AM 02/14/2025,5:51 PM 02/19/2025,,1002773467704
SE,,SEA LTD A ADR,Canceled,Sell,4 Shares,Stop market $125.79,GTC,-,No,1:48 PM 02/18/2025,5:49 PM 02/19/2025,,1002788601456
SE,,SEA LTD A ADR,Canceled,Sell,1 Shares,Stop market $130.40,GTC,-,No,1:49 PM 02/18/2025,5:49 PM 02/19/2025,,1002788601490
FTNT,,FORTINET INC,Canceled,Sell,5 Shares,Stop market $108.08,GTC,-,No,8:35 AM 02/14/2025,5:47 PM 02/19/2025,,1002773467539
EQH,,EQUITABLE HLDGS INC,Canceled,Sell,10 Shares,Stop market $53.54,GTC,-,No,9:30 AM 02/18/2025,5:46 PM 02/19/2025,,1002783386703
SHOP,,SHOPIFY INC A,Canceled,Sell,3 Shares,Stop market $123.78,GTC,-,No,9:26 AM 02/18/2025,2:33 PM 02/19/2025,,1002783386575
MDB,,MONGODB INC A,Canceled,Sell,4 Shares,Stop market $282.07,GTC,-,No,8:36 AM 02/14/2025,9:48 AM 02/19/2025,,1002773467558
ISRG,,INTUITIVE SURGICAL I,Canceled,Sell,3 Shares,Stop market $586.51,GTC,-,No,1:54 PM 02/18/2025,9:47 AM 02/19/2025,,1002788601698
DASH,,DOORDASH INC A,Canceled,Sell,8 Shares,Stop market $198.58,GTC,-,No,9:36 AM 02/14/2025,9:45 AM 02/19/2025,,1002774307153
ASAN,,ASANA INC A,Canceled,Sell,15 Shares,Stop market $22.98,GTC,-,No,9:22 AM 02/18/2025,9:36 AM 02/19/2025,,1002783386507
TPR,,TAPESTRY INC,Canceled,Sell,4 Shares,Stop market $81.13,GTC,-,No,8:51 AM 02/13/2025,6:46 PM 02/18/2025,,1002764826508
FI,,FISERV INC,Canceled,Sell,3 Shares,Stop market $226.25,GTC,-,No,11:36 AM 02/18/2025,6:43 PM 02/18/2025,,1002787212234
CYBR,,CYBERARK SOFTWARE LT,Canceled,Sell,1 Shares,Stop market $390.88,GTC,-,No,3:50 PM 02/13/2025,6:40 PM 02/18/2025,,1002772666611
CRWD,,CROWDSTRIKE HLDGS IN A,Canceled,Sell,2 Shares,Stop market $432.08,GTC,-,No,8:29 AM 02/14/2025,6:39 PM 02/18/2025,,1002773467486
ISRG,,INTUITIVE SURGICAL I,Canceled,Sell,3 Shares,Stop market $580.06,GTC,-,No,5:01 PM 02/05/2025,1:54 PM 02/18/2025,,1002721019345
ODFL,,OLD DOMINION FREIGHT,Canceled,Sell,3 Shares,Stop market $202.49,GTC,-,No,9:25 AM 02/18/2025,1:51 PM 02/18/2025,,1002783386551
SE,,SEA LTD A ADR,Canceled,Sell,1 Shares,Stop market $130.40,Day,-,No,1:49 PM 02/18/2025,1:49 PM 02/18/2025,,1002788601482
SE,,SEA LTD A ADR,Canceled,Sell,5 Shares,Stop market $125.79,GTC,-,No,10:19 AM 02/12/2025,1:48 PM 02/18/2025,,1002758382788
DXCM,,DEXCOM INC,Canceled,Sell,10 Shares,Stop market $85.88,GTC,-,No,1:37 PM 02/14/2025,11:59 AM 02/18/2025,,1002779523527
FI,,FISERV INC,Canceled,Buy,3 Shares,Limit $235.20,Day,-,No,11:35 AM 02/18/2025,11:35 AM 02/18/2025,,1002787212112
SHOP,,SHOPIFY INC A,Canceled,Sell,3 Shares,Stop market $119.98,GTC,-,No,8:43 AM 02/14/2025,9:26 AM 02/18/2025,,1002773467673
ODFL,,OLD DOMINION FREIGHT,Canceled,Sell,3 Shares,Stop market $200.25,GTC,-,No,9:38 AM 02/14/2025,9:25 AM 02/18/2025,,1002774307447
ASAN,,ASANA INC A,Canceled,Sell,15 Shares,Stop market $22.58,GTC,-,No,8:26 AM 02/14/2025,9:22 AM 02/18/2025,,1002773467449
SN,,SHARKNINJA INC,Canceled,Sell,4 Shares,Stop market $102.38,GTC,-,No,3:31 PM 02/13/2025,10:39 AM 02/14/2025,,1002771655875
ODFL,,OLD DOMINION FREIGHT,Canceled,Sell,3 Shares,Stop market $198.58,GTC,-,No,10:18 AM 02/12/2025,9:38 AM 02/14/2025,,1002758382711
DASH,,DOORDASH INC A,Canceled,Sell,8 Shares,Stop market $195.08,GTC,-,No,9:55 AM 02/13/2025,9:36 AM 02/14/2025,,1002765899096
CTAS,,CINTAS CORP,Canceled,Sell,10 Shares,Stop market $201.28,GTC,-,No,7:54 PM 02/06/2025,9:33 AM 02/14/2025,,1002729869511
TMUS,,T-MOBILE US INC,Canceled,Sell,5 Shares,Stop market $251.15,GTC,-,No,1:56 PM 02/10/2025,8:45 AM 02/14/2025,,1002745357729
SHOP,,SHOPIFY INC A,Canceled,Sell,3 Shares,Stop market $114.60,GTC,-,No,3:38 PM 02/11/2025,8:43 AM 02/14/2025,,1002754699445
SHOP,,SHOPIFY INC A,Canceled,Sell,3 Shares,Stop market $199.98,GTC,-,No,8:42 AM 02/14/2025,8:42 AM 02/14/2025,,1002773467662
ODFL,,OLD DOMINION FREIGHT,Canceled,Sell,3 Shares,Stop market $200.25,GTC,-,No,8:41 AM 02/14/2025,8:41 AM 02/14/2025,,1002773467643
ODFL,,OLD DOMINION FREIGHT,Canceled,Sell,3 Shares,Stop market $200.25,GTC,-,No,8:40 AM 02/14/2025,8:40 AM 02/14/2025,,1002773467636
NFLX,,NETFLIX INC,Canceled,Sell,4 Shares,Stop market $998.25,GTC,-,No,11:14 AM 02/12/2025,8:38 AM 02/14/2025,,1002759273605
MDB,,MONGODB INC A,Canceled,Sell,4 Shares,Stop market $278.03,GTC,-,No,9:42 AM 02/10/2025,8:36 AM 02/14/2025,,1002741176905
FTNT,,FORTINET INC,Canceled,Sell,5 Shares,Stop market $104.17,GTC,-,No,11:12 AM 02/12/2025,8:35 AM 02/14/2025,,1002759273527
CTAS,,CINTAS CORP,Canceled,Sell,10 Shares,Stop market $202.04,GTC,-,No,8:31 AM 02/14/2025,8:31 AM 02/14/2025,,1002773467509
CTAS,,CINTAS CORP,Canceled,Sell,10 Shares,Stop market $202.04,GTC,-,No,8:31 AM 02/14/2025,8:31 AM 02/14/2025,,1002773467515
CRWD,,CROWDSTRIKE HLDGS IN A,Canceled,Sell,2 Shares,Stop market $423.98,GTC,-,No,10:16 AM 02/12/2025,8:29 AM 02/14/2025,,1002758382613
CRWD,,CROWDSTRIKE HLDGS IN A,Canceled,Sell,2 Shares,Stop market $453.67,GTC,-,No,8:29 AM 02/14/2025,8:29 AM 02/14/2025,,1002773467481
ASAN,,ASANA INC A,Canceled,Sell,15 Shares,Stop market $22.18,GTC,-,No,8:44 AM 02/13/2025,8:26 AM 02/14/2025,,1002764826461
DASH,,DOORDASH INC A,Canceled,Buy,15 Shares,Limit $200.58,Day,-,No,9:54 AM 02/13/2025,9:55 AM 02/13/2025,,1002765899007
DASH,,DOORDASH INC A,Canceled,Sell,4 Shares,Stop market $195.08,GTC,-,No,8:47 AM 02/13/2025,9:55 AM 02/13/2025,,1002764826472
TQQQ,,PROSHARES ULTRAPRO QQQ ETF,Canceled,Buy,50 Shares,Limit $85.18,Day,-,No,2:50 PM 02/12/2025,3:25 PM 02/12/2025,,1002762906351
TPR,,TAPESTRY INC,Canceled,Buy,4 Shares,Limit $83.91,Day,-,No,11:44 AM 02/12/2025,2:54 PM 02/12/2025,,1002760094882
UPRO,,PROSHARES ULTRAPRO S&P 500 ETF,Canceled,Buy,4 Shares,Limit $95.17,Day,-,No,2:48 PM 02/12/2025,2:48 PM 02/12/2025,,1002762906285
DASH,,DOORDASH INC A,Canceled,Buy,4 Shares,Stop market $198.73,Day,-,No,11:17 AM 02/12/2025,11:17 AM 02/12/2025,,1002759273761
DASH,,DOORDASH INC A,Canceled,Buy,4 Shares,Stop market $198.86,Day,-,No,11:16 AM 02/12/2025,11:16 AM 02/12/2025,,1002759273736
NFLX,,NETFLIX INC,Canceled,Sell,4 Shares,Stop market $988.25,GTC,-,No,11:13 AM 02/12/2025,11:14 AM 02/12/2025,,1002759273578
NFLX,,NETFLIX INC,Canceled,Sell,4 Shares,Stop market $986.58,GTC,-,No,2:22 PM 02/09/2025,11:13 AM 02/12/2025,,1002740198134
FTNT,,FORTINET INC,Canceled,Sell,5 Shares,Stop market $102.27,GTC,-,No,2:21 PM 02/09/2025,11:12 AM 02/12/2025,,1002740198133
CHKP,,CHECK POINT SOFTWARE,Canceled,Sell,4 Shares,Stop market $210.54,GTC,-,No,11:09 AM 02/11/2025,11:11 AM 02/12/2025,,1002751248507
SE,,SEA LTD A ADR,Canceled,Sell,5 Shares,Stop market $120.16,GTC,-,No,2:22 PM 02/10/2025,10:19 AM 02/12/2025,,1002746098621
ODFL,,OLD DOMINION FREIGHT,Canceled,Sell,3 Shares,Stop market $197.90,GTC,-,No,5:48 PM 02/10/2025,10:18 AM 02/12/2025,,1002747361071
CRWD,,CROWDSTRIKE HLDGS IN A,Canceled,Sell,2 Shares,Stop market $413.62,GTC,-,No,5:45 PM 02/10/2025,10:16 AM 02/12/2025,,1002747361067
CALM,,CAL MAINE FOODS INC,Canceled,Sell,8 Shares,Stop market $109.64,GTC,-,No,11:21 AM 02/11/2025,10:15 AM 02/12/2025,,1002751249220
ODFL,,OLD DOMINION FREIGHT,Canceled,Sell,3 Shares,Stop market $193.52,GTC,-,No,10:14 AM 02/07/2025,5:48 PM 02/10/2025,,1002732808655
CRWD,,CROWDSTRIKE HLDGS IN A,Canceled,Sell,2 Shares,Stop market $404.92,GTC,-,No,2:19 PM 02/09/2025,5:45 PM 02/10/2025,,1002740198132
GTLB,,GITLAB INC A,Canceled,Buy,20 Shares,Limit $71.83,Day,-,No,2:09 PM 02/10/2025,2:09 PM 02/10/2025,,1002746098178
TMUS,,T-MOBILE US INC,Canceled,Sell,5 Shares,Stop market $240.86,GTC,-,No,9:55 AM 02/07/2025,1:56 PM 02/10/2025,,1002731847282
MDB,,MONGODB INC A,Canceled,Sell,4 Shares,Stop market $275.76,GTC,-,No,2:12 PM 02/09/2025,9:42 AM 02/10/2025,,1002740198131
NFLX,,NETFLIX INC,Canceled,Sell,4 Shares,Stop market $975.03,GTC,-,No,2:49 PM 02/05/2025,2:22 PM 02/09/2025,,1002719713214
CRWD,,CROWDSTRIKE HLDGS IN A,Canceled,Sell,2 Shares,Stop market $399.51,GTC,-,No,2:47 PM 02/05/2025,2:19 PM 02/09/2025,,1002719713152
MDB,,MONGODB INC A,Canceled,Sell,4 Shares,Stop market $270.52,GTC,-,No,1:43 PM 02/07/2025,2:12 PM 02/09/2025,,1002736760790
CART,,MAPLEBEAR INC,Canceled,Sell,15 Shares,Stop market $47.79,GTC,-,No,1:57 PM 02/07/2025,2:10 PM 02/09/2025,,1002736761269
PAYX,,PAYCHEX INC,Canceled,Sell,5 Shares,Stop market $145.21,GTC,-,No,8:46 AM 02/05/2025,2:31 PM 02/07/2025,,1002713658725
ONON,,ON HLDG AG A,Canceled,Sell,15 Shares,Stop market $56.90,GTC,-,No,4:52 PM 02/05/2025,2:30 PM 02/07/2025,,1002721019317
FTNT,,FORTINET INC,Canceled,Buy,5 Shares,Limit $108.77,Day,-,No,1:19 PM 02/07/2025,1:24 PM 02/07/2025,,1002736760232
FTNT,,FORTINET INC,Canceled,Buy,5 Shares,Limit $108.71,Day,-,No,1:19 PM 02/07/2025,1:19 PM 02/07/2025,,1002736760223
TQQQ,,PROSHARES ULTRAPRO QQQ ETF,Canceled,Sell,25 Shares,Stop market $77.24,GTC,-,No,8:30 AM 02/05/2025,11:16 AM 02/07/2025,,1002713658631
UPRO,,PROSHARES ULTRAPRO S&P 500 ETF,Canceled,Sell,40 Shares,Stop market $83.26,GTC,-,No,9:52 AM 02/03/2025,11:14 AM 02/07/2025,,1002698204124
ODFL,,OLD DOMINION FREIGHT,Canceled,Sell,3 Shares,Stop market $192.55,GTC,-,No,10:05 AM 02/06/2025,10:14 AM 02/07/2025,,1002723113960
TMUS,,T-MOBILE US INC,Canceled,Sell,5 Shares,Stop market $230.90,GTC,-,No,3:46 PM 02/05/2025,9:55 AM 02/07/2025,,1002721018488
SFM,,SPROUTS FMRS MKT INC,Canceled,Sell,3 Shares,Stop market $152.92,GTC,-,No,8:56 AM 02/05/2025,9:53 AM 02/07/2025,,1002713658770
ADBE,,ADOBE INC,Canceled,Sell,2 Shares,Stop market $434.16,GTC,-,No,4:45 PM 02/05/2025,9:50 AM 02/07/2025,,1002721019301
TEAM,,ATLASSIAN CORP A,Canceled,Sell,2 Shares,Stop market $295.90,GTC,-,No,10:38 AM 02/03/2025,7:58 PM 02/06/2025,,1002699149665
GTLB,,GITLAB INC A,Canceled,Sell,5 Shares,Stop market $69.24,GTC,-,No,8:52 AM 02/05/2025,7:56 PM 02/06/2025,,1002713658750
CTAS,,CINTAS CORP,Canceled,Sell,10 Shares,Stop market $198.32,GTC,-,No,2:40 PM 02/04/2025,7:54 PM 02/06/2025,,1002711574344
CAVA,,CAVA GROUP INC,Canceled,Sell,2 Shares,Stop market $137.54,GTC,-,No,8:45 AM 02/05/2025,7:53 PM 02/06/2025,,1002713658723
LULU,,LULULEMON ATHLETICA,Canceled,Sell,10 Shares,Stop market $407.64,Day,-,No,3:43 PM 02/06/2025,3:43 PM 02/06/2025,,1002728683775
CDW,,CDW CORP,Canceled,Sell,10 Shares,Stop market $198.07,GTC,-,No,12:23 PM 02/06/2025,3:42 PM 02/06/2025,,1002726486951
ONON,,ON HLDG AG A,Canceled,Sell,15 Shares,Stop market $54.50,GTC,-,No,9:37 AM 02/03/2025,4:52 PM 02/05/2025,,1002697340813
DASH,,DOORDASH INC A,Canceled,Sell,4 Shares,Stop market $183.01,GTC,-,No,3:18 PM 01/30/2025,4:50 PM 02/05/2025,,1002684719070
ADBE,,ADOBE INC,Canceled,Sell,2 Shares,Stop market $430.02,GTC,-,No,3:28 PM 01/30/2025,4:45 PM 02/05/2025,,1002684719325
ISRG,,INTUITIVE SURGICAL I,Canceled,Sell,3 Shares,Stop market $580.06,Day,-,No,2:53 PM 02/05/2025,4:05 PM 02/05/2025,,1002719713308
TMUS,,T-MOBILE US INC,Canceled,Sell,3 Shares,Stop market $230.90,GTC,-,No,12:30 PM 02/05/2025,3:46 PM 02/05/2025,,1002718488468
RBRK,,RUBRIK INC A,Canceled,Buy,10 Shares,Limit $75.22,Day,-,No,3:44 PM 02/05/2025,3:44 PM 02/05/2025,,1002721018426
NFLX,,NETFLIX INC,Canceled,Sell,4 Shares,Stop market $964.28,GTC,-,No,8:53 AM 02/05/2025,2:49 PM 02/05/2025,,1002713658761
CRWD,,CROWDSTRIKE HLDGS IN A,Canceled,Sell,2 Shares,Stop market $384.14,GTC,-,No,10:05 AM 02/04/2025,2:47 PM 02/05/2025,,1002707188341
SFM,,SPROUTS FMRS MKT INC,Canceled,Sell,3 Shares,Stop market $149.22,GTC,-,No,2:13 PM 01/29/2025,8:56 AM 02/05/2025,,1002675248024
NFLX,,NETFLIX INC,Canceled,Sell,2 Shares,Stop market $950.66,GTC,-,No,11:57 AM 01/29/2025,8:53 AM 02/05/2025,,1002672701820
GTLB,,GITLAB INC A,Canceled,Sell,5 Shares,Stop market $68.23,GTC,-,No,2:37 PM 01/30/2025,8:52 AM 02/05/2025,,1002683579890
CDW,,CDW CORP,Canceled,Buy,5 Shares,Limit $207.00,Day,-,No,8:37 AM 02/05/2025,8:37 AM 02/05/2025,,1002713658665
TQQQ,,PROSHARES ULTRAPRO QQQ ETF,Canceled,Sell,25 Shares,Stop market $73.24,GTC,-,No,9:13 AM 02/03/2025,8:30 AM 02/05/2025,,1002696323529
TMDX,,TRANSMEDICS GROUP IN,Canceled,Buy,3 Shares,Limit $70.90,Day,-,No,10:04 AM 02/04/2025,4:05 PM 02/04/2025,,1002707188293
TMDX,,TRANSMEDICS GROUP IN,Canceled,Buy,3 Shares,Limit $71.76,Day,-,No,10:03 AM 02/04/2025,10:04 AM 02/04/2025,,1002707188257
CRWD,,CROWDSTRIKE HLDGS IN A,Canceled,Sell,2 Shares,Stop market $384.14,Day,-,No,3:26 PM 02/03/2025,3:26 PM 02/03/2025,,1002703403885
UPRO,,PROSHARES ULTRAPRO S&P 500 ETF,Canceled,Sell,80 Shares,Stop market $83.26,GTC,-,No,9:11 AM 02/03/2025,9:52 AM 02/03/2025,,1002696323512
TQQQ,,PROSHARES ULTRAPRO QQQ ETF,Canceled,Sell,25 Shares,Stop market $78.01,GTC,-,No,8:57 AM 02/03/2025,9:14 AM 02/03/2025,,1002696323368
ONON,,ON HLDG AG A,Canceled,Sell,15 Shares,Stop market $59.08,Day,-,No,2:30 PM 01/31/2025,4:05 PM 01/31/2025,,1002693153897
RDDT,,REDDIT INC A,Canceled,Sell,3 Shares,Stop market $179.01,GTC,-,No,12:46 PM 01/28/2025,12:42 PM 01/31/2025,,1002665897142
HOOD,,ROBINHOOD MKTS INC A,Canceled,Sell,10 Shares,Stop market $48.50,GTC,-,No,3:55 PM 01/29/2025,12:38 PM 01/31/2025,,1002676854400
FOUR,,SHIFT4 PMTS INC A,Canceled,Sell,3 Shares,Stop market $112.83,GTC,-,No,3:21 PM 01/29/2025,12:36 PM 01/31/2025,,1002676058838
CRWD,,CROWDSTRIKE HLDGS IN A,Canceled,Sell,1 Shares,Stop market $375.13,GTC,-,No,12:13 PM 01/28/2025,12:34 PM 01/31/2025,,1002665896242
CART,,MAPLEBEAR INC,Canceled,Sell,15 Shares,Stop market $44.71,GTC,-,No,9:40 AM 01/30/2025,12:33 PM 01/31/2025,,1002678722457
BROS,,DUTCH BROS INC A,Canceled,Sell,15 Shares,Stop market $59.81,GTC,-,No,2:07 PM 01/29/2025,12:32 PM 01/31/2025,,1002674553758
BILL,,BILL HOLDINGS INC,Canceled,Sell,4 Shares,Stop market $91.25,GTC,-,No,9:24 AM 01/28/2025,12:31 PM 01/31/2025,,1002661636482
APP,,APPLOVIN CORP A,Canceled,Sell,1 Shares,Stop market $343.08,GTC,-,No,7:28 PM 01/29/2025,12:30 PM 01/31/2025,,1002676855657
ADBE,,ADOBE INC,Canceled,Buy,2 Shares,Limit $448.07,Day,-,No,3:27 PM 01/30/2025,3:27 PM 01/30/2025,,1002684719305
DOCU,,DOCUSIGN INC,Canceled,Sell,7 Shares,Stop market $91.40,GTC,-,No,2:02 PM 01/28/2025,3:19 PM 01/30/2025,,1002667118842
DASH,,DOORDASH INC A,Canceled,Sell,4 Shares,Stop market $176.01,GTC,-,No,5:32 PM 01/28/2025,3:18 PM 01/30/2025,,1002669028950
VIK,,VIKING HLDGS LTD,Canceled,Sell,10 Shares,Stop market $47.44,GTC,-,No,3:19 PM 01/29/2025,2:42 PM 01/30/2025,,1002676058746
TTWO,,TAKE-TWO INTERACTIVE,Canceled,Sell,4 Shares,Stop market $184.08,GTC,-,No,12:56 PM 01/27/2025,2:40 PM 01/30/2025,,1002656947810
GTLB,,GITLAB INC A,Canceled,Sell,5 Shares,Stop market $66.11,GTC,-,No,12:45 PM 01/28/2025,2:37 PM 01/30/2025,,1002665897112
ANGO,,ANGIODYNAMICS INC,Canceled,Sell,10 Shares,Stop market $11.84,GTC,-,No,11:17 AM 01/30/2025,11:18 AM 01/30/2025,,1002681480815
CART,,MAPLEBEAR INC,Canceled,Sell,5 Shares,Limit $49.62,Day,-,No,9:40 AM 01/30/2025,9:40 AM 01/30/2025,,1002678722482
CART,,MAPLEBEAR INC,Canceled,Sell,20 Shares,Stop market $44.71,GTC,-,No,12:12 PM 01/28/2025,9:40 AM 01/30/2025,,1002665896218
CART,,MAPLEBEAR INC,Canceled,Sell,5 Shares,Limit $49.53,Day,-,No,9:39 AM 01/30/2025,9:39 AM 01/30/2025,,1002678722428
NOW,,SERVICENOW INC,Canceled,Sell,2 Shares,"Stop market $1,110.90",GTC,-,No,2:11 PM 01/27/2025,3:44 PM 01/29/2025,,1002659026021
DECK,,DECKERS OUTDOOR CORP,Canceled,Buy,3 Shares,Limit $219.10,Day,-,No,3:39 PM 01/29/2025,3:39 PM 01/29/2025,,1002676059647
ONON,,ON HLDG AG A,Canceled,Sell,10 Shares,Stop market $57.45,GTC,-,No,9:20 AM 01/28/2025,3:24 PM 01/29/2025,,1002661636441
SFM,,SPROUTS FMRS MKT INC,Canceled,Sell,3 Shares,Stop market $141.60,GTC,-,No,1:23 PM 01/27/2025,2:13 PM 01/29/2025,,1002657998601
NFLX,,NETFLIX INC,Canceled,Sell,1 Shares,Stop market $950.66,GTC,-,No,6:59 PM 01/27/2025,11:57 AM 01/29/2025,,1002660762691
RBRK,,RUBRIK INC A,Canceled,Sell,4 Shares,Stop market $67.30,GTC,-,No,12:53 PM 01/27/2025,11:51 AM 01/29/2025,,1002656947669
AEP,,AMERICAN ELEC PWR CO,Canceled,Sell,10 Shares,Stop market $98.06,GTC,-,No,5:30 PM 01/28/2025,9:47 AM 01/29/2025,,1002669028944
AMGN,,AMGEN INC,Canceled,Sell,5 Shares,Stop market $276.12,GTC,-,No,12:42 PM 01/28/2025,9:46 AM 01/29/2025,,1002665897063
AEP,,AMERICAN ELEC PWR CO,Canceled,Sell,10 Shares,Stop market $99.65,GTC,-,No,8:57 AM 01/29/2025,8:57 AM 01/29/2025,,1002669906546
VERX,,VERTEX INC A,Canceled,Sell,7 Shares,Stop market $55.19,GTC,-,No,12:54 PM 01/27/2025,5:38 PM 01/28/2025,,1002656947727
AEP,,AMERICAN ELEC PWR CO,Canceled,Sell,10 Shares,Stop market $96.95,GTC,-,No,9:22 AM 01/28/2025,5:30 PM 01/28/2025,,1002661636468
GLBE,,GLOBAL-E ONLINE LTD,Canceled,Buy,6 Shares,Limit $59.06,Day,-,No,10:57 AM 01/28/2025,4:05 PM 01/28/2025,,1002663797709
DOCU,,DOCUSIGN INC,Canceled,Buy,6 Shares,Limit $97.97,Day,-,No,1:05 PM 01/28/2025,1:05 PM 01/28/2025,,1002665897480
RDDT,,REDDIT INC A,Canceled,Sell,3 Shares,Stop market $170.10,GTC,-,No,1:28 PM 01/27/2025,12:46 PM 01/28/2025,,1002657998745
GTLB,,GITLAB INC A,Canceled,Sell,5 Shares,Stop market $62.42,GTC,-,No,12:51 PM 01/27/2025,12:45 PM 01/28/2025,,1002656947609
AMGN,,AMGEN INC,Canceled,Sell,5 Shares,Stop market $270.18,GTC,-,No,3:38 PM 01/23/2025,12:42 PM 01/28/2025,,1002641203820
TQQQ,,PROSHARES ULTRAPRO QQQ ETF,Canceled,Sell,40 Shares,Stop market $77.25,GTC,-,No,10:42 AM 01/27/2025,2:34 PM 01/27/2025,,1002655128190
NOW,,SERVICENOW INC,Canceled,Sell,10 Shares,"Stop market $1,110.90",GTC,-,No,2:11 PM 01/27/2025,2:11 PM 01/27/2025,,1002659026010
NOW,,SERVICENOW INC,Canceled,Buy,2 Shares,"Limit $1,129.32",Day,-,No,10:02 AM 01/27/2025,2:09 PM 01/27/2025,,1002653341442
EAT,,BRINKER INTL INC,Canceled,Buy,5 Shares,Limit $150.04,Day,-,No,1:42 PM 01/27/2025,1:43 PM 01/27/2025,,1002657999140
SFM,,SPROUTS FMRS MKT INC,Canceled,Sell,10 Shares,Stop market $141.60,GTC,-,No,1:23 PM 01/27/2025,1:23 PM 01/27/2025,,1002657998592
SFM,,SPROUTS FMRS MKT INC,Canceled,Buy,3 Shares,Limit $146.59,Day,-,No,11:16 AM 01/27/2025,1:12 PM 01/27/2025,,1002655982098
TTWO,,TAKE-TWO INTERACTIVE,Canceled,Buy,4 Shares,Limit $190.22,Day,-,No,12:55 PM 01/27/2025,12:55 PM 01/27/2025,,1002656947765
VERX,,VERTEX INC A,Canceled,Sell,3 Shares,Stop market $55.19,GTC,-,No,10:16 AM 01/27/2025,12:54 PM 01/27/2025,,1002654210466
GEHC,,GE HEALTHCARE TECHNO,Canceled,Sell,5 Shares,Stop market $86.65,GTC,-,No,9:50 AM 01/24/2025,12:48 PM 01/27/2025,,1002643655207
CART,,MAPLEBEAR INC,Canceled,Buy,20 Shares,Limit $46.65,Day,-,No,11:21 AM 01/27/2025,11:21 AM 01/27/2025,,1002655982272
CART,,MAPLEBEAR INC,Canceled,Buy,10 Shares,Limit $46.65,Day,-,No,11:20 AM 01/27/2025,11:21 AM 01/27/2025,,1002655982254
BILL,,BILL HOLDINGS INC,Canceled,Buy,4 Shares,Limit $95.42,Day,-,No,11:19 AM 01/27/2025,11:19 AM 01/27/2025,,1002655982194
TQQQ,,PROSHARES ULTRAPRO QQQ ETF,Canceled,Sell,40 Shares,Stop market $73.12,GTC,-,No,9:13 AM 01/27/2025,10:42 AM 01/27/2025,,1002651651753
NOW,,SERVICENOW INC,Canceled,Buy,2 Shares,"Stop market $1,127.35",Day,-,No,10:02 AM 01/27/2025,10:02 AM 01/27/2025,,1002653341403
NOW,,SERVICENOW INC,Canceled,Buy,2 Shares,"Limit $1,127.90",Day,-,No,10:02 AM 01/27/2025,10:02 AM 01/27/2025,,1002653341433
NOW,,SERVICENOW INC,Canceled,Buy,2 Shares,"Stop market $1,129.89",Day,-,No,10:01 AM 01/27/2025,10:01 AM 01/27/2025,,1002653341372
GOOG,,ALPHABET INC C,Canceled,Sell,20 Shares,Stop market $193.23,GTC,-,No,8:42 AM 01/27/2025,8:42 AM 01/27/2025,,1002651651348
WMT,,WALMART INC,Canceled,Buy,10 Shares,Limit $94.31,Day,-,No,10:17 AM 01/24/2025,4:05 PM 01/24/2025,,1002644589104
PLTR,,PALANTIR TECHNOLOGIE A,Canceled,Sell,10 Shares,Stop market $73.70,GTC,-,No,10:34 AM 01/23/2025,2:48 PM 01/24/2025,,1002636539979
RDDT,,REDDIT INC A,Canceled,Sell,2 Shares,Stop market $175.50,GTC,-,No,9:41 AM 01/22/2025,12:05 PM 01/24/2025,,1002627766572
RBRK,,RUBRIK INC A,Canceled,Sell,4 Shares,Stop market $68.54,GTC,-,No,9:39 AM 01/22/2025,12:03 PM 01/24/2025,,1002627766406
MGNI,,MAGNITE INC,Canceled,Sell,20 Shares,Stop market $16.35,GTC,-,No,10:41 AM 01/24/2025,11:42 AM 01/24/2025,,1002645566443
BILL,,BILL HOLDINGS INC,Canceled,Sell,5 Shares,Stop market $88.62,GTC,-,No,2:46 PM 01/23/2025,11:38 AM 01/24/2025,,1002641202061
BE,,BLOOM ENERGY CORP A,Canceled,Sell,20 Shares,Stop market $24.45,GTC,-,No,9:48 AM 01/24/2025,11:31 AM 01/24/2025,,1002643655068
MGNI,,MAGNITE INC,Canceled,Sell,20 Shares,Stop market $15.85,GTC,-,No,11:51 AM 01/22/2025,10:41 AM 01/24/2025,,1002630387740
BROS,,DUTCH BROS INC A,Canceled,Sell,6 Shares,Stop market $58.68,GTC,-,No,12:06 PM 01/22/2025,10:31 AM 01/24/2025,,1002631348228
QCOM,,QUALCOMM INC,Canceled,Sell,5 Shares,Stop market $165.11,GTC,-,No,9:36 AM 01/22/2025,10:04 AM 01/24/2025,,1002627766111
RUM,,RUMBLE INC A,Canceled,Sell,20 Shares,Stop market $11.52,GTC,-,No,11:52 AM 01/23/2025,9:55 AM 01/24/2025,,1002638413327
GEHC,,GE HEALTHCARE TECHNO,Canceled,Sell,5 Shares,Stop market $84.54,GTC,-,No,9:22 AM 01/22/2025,9:50 AM 01/24/2025,,1002626781184
CDW,,CDW CORP,Canceled,Sell,4 Shares,Stop market $185.91,GTC,-,No,9:15 AM 01/22/2025,6:02 PM 01/23/2025,,1002626781101
BE,,BLOOM ENERGY CORP A,Canceled,Sell,20 Shares,Stop market $24.45,Day,-,No,11:45 AM 01/23/2025,4:05 PM 01/23/2025,,1002638413064
IBIT,,ISHARES BITCOIN ETF,Canceled,Sell,20 Shares,Stop market $58.06,Day,-,No,10:43 AM 01/23/2025,4:05 PM 01/23/2025,,1002637474442
NFLX,,NETFLIX INC,Canceled,Sell,1 Shares,Stop market $950.66,Day,-,No,11:22 AM 01/23/2025,4:05 PM 01/23/2025,,1002638412189
SFM,,SPROUTS FMRS MKT INC,Canceled,Sell,5 Shares,Stop market $137.56,GTC,-,No,9:51 AM 01/21/2025,3:43 PM 01/23/2025,,1002619670452
BILL,,BILL HOLDINGS INC,Canceled,Sell,5 Shares,Stop market $91.80,GTC,-,No,2:45 PM 01/23/2025,2:46 PM 01/23/2025,,1002641202027
BILL,,BILL HOLDINGS INC,Canceled,Buy,5 Shares,Limit $91.80,Day,-,No,2:41 PM 01/23/2025,2:42 PM 01/23/2025,,1002640337937
BILL,,BILL HOLDINGS INC,Canceled,Buy,5 Shares,Limit $90.59,Day,-,No,10:52 AM 01/23/2025,2:41 PM 01/23/2025,,1002637474872
BROS,,DUTCH BROS INC A,Canceled,Buy,6 Shares,Limit $60.33,Day,-,No,2:06 PM 01/23/2025,2:06 PM 01/23/2025,,1002640336958
BE,,BLOOM ENERGY CORP A,Canceled,Sell,20 Shares,Stop market $25.79,Day,-,No,11:44 AM 01/23/2025,11:45 AM 01/23/2025,,1002638413053
BE,,BLOOM ENERGY CORP A,Canceled,Sell,20 Shares,Stop market $24.45,Day,-,No,10:50 AM 01/23/2025,11:44 AM 01/23/2025,,1002637474793
MSTR,,MICROSTRATEGY INC A,Canceled,Buy,2 Shares,Limit $383.93,Day,-,No,11:34 AM 01/23/2025,11:35 AM 01/23/2025,,1002638412703
TSLA,,TESLA INC,Canceled,Sell,1 Shares,Limit $414.90,Day,-,No,10:38 AM 01/23/2025,10:39 AM 01/23/2025,,1002637474170
TSLA,,TESLA INC,Canceled,Sell,1 Shares,Stop market $405.56,GTC,-,No,3:16 PM 01/17/2025,10:38 AM 01/23/2025,,1002616060383
RBLX,,ROBLOX CORP A,Canceled,Sell,10 Shares,Stop market $64.00,Day,-,No,10:36 AM 01/23/2025,10:36 AM 01/23/2025,,1002637474102
PLTR,,PALANTIR TECHNOLOGIE A,Canceled,Sell,10 Shares,Stop market $70.04,GTC,-,No,9:35 AM 01/22/2025,10:34 AM 01/23/2025,,1002626781961
MRVL,,MARVELL TECHNOLOGY I,Canceled,Sell,4 Shares,Stop market $119.30,GTC,-,No,11:21 AM 01/22/2025,10:29 AM 01/23/2025,,1002630386542
KMI,,KINDER MORGAN INC DE,Canceled,Sell,10 Shares,Stop market $29.09,GTC,-,No,2:58 PM 01/17/2025,10:25 AM 01/23/2025,,1002614991670
CRDO,,CREDO TECHNOLOGY GRO,Canceled,Sell,5 Shares,Stop market $76.02,GTC,-,No,9:18 AM 01/22/2025,10:20 AM 01/23/2025,,1002626781138
VERX,,VERTEX INC A,Canceled,Sell,7 Shares,Stop market $52.76,GTC,-,No,3:42 PM 01/16/2025,6:54 PM 01/22/2025,,1002607730982
RBLX,,ROBLOX CORP A,Canceled,Sell,5 Shares,Stop market $63.72,GTC,-,No,9:38 AM 01/22/2025,6:50 PM 01/22/2025,,1002627766264
GOOG,,ALPHABET INC C,Canceled,Sell,5 Shares,Stop market $197.21,GTC,-,No,9:32 AM 01/22/2025,6:47 PM 01/22/2025,,1002626781604
APP,,APPLOVIN CORP A,Canceled,Sell,1 Shares,Stop market $343.08,Day,-,No,12:09 PM 01/22/2025,4:05 PM 01/22/2025,,1002631348340
BROS,,DUTCH BROS INC A,Canceled,Sell,6 Shares,Stop market $58.34,GTC,-,No,2:43 PM 01/17/2025,12:06 PM 01/22/2025,,1002614991315
ADTN,,ADTRAN HLDGS INC,Canceled,Sell,20 Shares,Stop market $9.81,GTC,-,No,9:43 AM 01/21/2025,11:57 AM 01/22/2025,,1002618747746
MRVL,,MARVELL TECHNOLOGY I,Canceled,Sell,4 Shares,Stop market $115.55,GTC,-,No,3:13 PM 01/17/2025,11:21 AM 01/22/2025,,1002616060247
NFLX,,NETFLIX INC,Canceled,Sell,1 Shares,Stop market $841.92,GTC,-,No,6:30 PM 01/17/2025,9:43 AM 01/22/2025,,1002616950426
RBRK,,RUBRIK INC A,Canceled,Sell,4 Shares,Stop market $62.43,GTC,-,No,11:43 AM 01/17/2025,9:39 AM 01/22/2025,,1002613076359
RBLX,,ROBLOX CORP A,Canceled,Sell,5 Shares,Stop market $62.69,GTC,-,No,3:07 PM 01/17/2025,9:38 AM 01/22/2025,,1002616060045
QCOM,,QUALCOMM INC,Canceled,Sell,5 Shares,Stop market $161.18,GTC,-,No,3:04 PM 01/17/2025,9:36 AM 01/22/2025,,1002614991873
PLTR,,PALANTIR TECHNOLOGIE A,Canceled,Sell,10 Shares,Stop market $68.26,GTC,-,No,3:00 PM 01/17/2025,9:35 AM 01/22/2025,,1002614991748
GOOG,,ALPHABET INC C,Canceled,Sell,5 Shares,Stop market $193.23,GTC,-,No,11:44 AM 01/17/2025,9:32 AM 01/22/2025,,1002613076408
GEO,,GEO GROUP INC NEW REIT,Canceled,Sell,14 Shares,Stop market $32.71,GTC,-,No,2:54 PM 01/17/2025,9:26 AM 01/22/2025,,1002614991564
CDW,,CDW CORP,Canceled,Sell,4 Shares,Stop market $184.92,GTC,-,No,2:52 PM 01/17/2025,9:15 AM 01/22/2025,,1002614991512
AVGO,,BROADCOM INC,Canceled,Sell,4 Shares,Stop market $229.11,GTC,-,No,3:18 PM 01/17/2025,9:10 AM 01/22/2025,,1002616060439
RDDT,,REDDIT INC A,Canceled,Buy,2 Shares,Limit $188.60,Day,-,No,2:04 PM 01/21/2025,2:05 PM 01/21/2025,,1002624149030
RDDT,,REDDIT INC A,Canceled,Buy,2 Shares,Limit $188.81,Day,-,No,2:05 PM 01/21/2025,2:05 PM 01/21/2025,,1002624149040
RDDT,,REDDIT INC A,Canceled,Buy,2 Shares,Limit $188.74,Day,-,No,2:04 PM 01/21/2025,2:04 PM 01/21/2025,,1002624149028
SFM,,SPROUTS FMRS MKT INC,Canceled,Buy,5 Shares,Limit $142.52,Day,-,No,9:50 AM 01/21/2025,9:50 AM 01/21/2025,,1002619670342
SFM,,SPROUTS FMRS MKT INC,Canceled,Buy,5 Shares,Limit $142.50,Day,-,No,9:50 AM 01/21/2025,9:50 AM 01/21/2025,,1002619670328
SFM,,SPROUTS FMRS MKT INC,Canceled,Buy,5 Shares,Limit $142.71,Day,-,No,9:50 AM 01/21/2025,9:50 AM 01/21/2025,,1002619670371
TQQQ,,PROSHARES ULTRAPRO QQQ ETF,Canceled,Buy,20 Shares,Limit $83.28,Day,-,No,3:36 PM 01/17/2025,3:36 PM 01/17/2025,,1002616061080
RBLX,,ROBLOX CORP A,Canceled,Sell,5 Shares,Stop market $59.29,GTC,-,No,2:35 PM 01/15/2025,3:07 PM 01/17/2025,,1002599578049
PLTR,,PALANTIR TECHNOLOGIE A,Canceled,Sell,10 Shares,Stop market $66.98,GTC,-,No,1:33 PM 01/16/2025,3:00 PM 01/17/2025,,1002605883655
KMI,,KINDER MORGAN INC DE,Canceled,Sell,10 Shares,Stop market $27.92,GTC,-,No,9:24 AM 01/16/2025,2:58 PM 01/17/2025,,1002601241582
GEO,,GEO GROUP INC NEW REIT,Canceled,Sell,14 Shares,Stop market $30.54,GTC,-,No,9:19 AM 01/16/2025,2:54 PM 01/17/2025,,1002601241529
CDW,,CDW CORP,Canceled,Sell,4 Shares,Stop market $180.60,GTC,-,No,9:22 AM 01/16/2025,2:52 PM 01/17/2025,,1002601241562
NFLX,,NETFLIX INC,Canceled,Sell,1 Shares,Stop market $841.92,Day,-,No,2:47 PM 01/17/2025,2:47 PM 01/17/2025,,1002614991408
BROS,,DUTCH BROS INC A,Canceled,Sell,6 Shares,Stop market $57.35,GTC,-,No,3:23 PM 01/14/2025,2:43 PM 01/17/2025,,1002591577566
NFLX,,NETFLIX INC,Canceled,Buy,1 Shares,Limit $863.71,Day,-,No,2:39 PM 01/17/2025,2:39 PM 01/17/2025,,1002614991269
AVGO,,BROADCOM INC,Canceled,Buy,4 Shares,Limit $236.26,Day,-,No,1:35 PM 01/17/2025,2:36 PM 01/17/2025,,1002614083675
MRVL,,MARVELL TECHNOLOGY I,Canceled,Buy,4 Shares,Limit $121.70,Day,-,No,11:47 AM 01/17/2025,2:36 PM 01/17/2025,,1002613076522
TSLA,,TESLA INC,Canceled,Buy,1 Shares,Limit $430.57,Day,-,No,12:01 PM 01/17/2025,2:36 PM 01/17/2025,,1002613076955
AVGO,,BROADCOM INC,Canceled,Buy,4 Shares,Limit $235.15,Day,-,No,11:33 AM 01/17/2025,1:35 PM 01/17/2025,,1002612175953
TSLA,,TESLA INC,Canceled,Buy,1 Shares,Limit $430.97,Day,-,No,12:01 PM 01/17/2025,12:01 PM 01/17/2025,,1002613076928
TSLA,,TESLA INC,Canceled,Buy,1 Shares,Limit $431.31,Day,-,No,12:00 PM 01/17/2025,12:01 PM 01/17/2025,,1002613076924
QCOM,,QUALCOMM INC,Canceled,Buy,5 Shares,Limit $165.05,Day,-,No,11:36 AM 01/17/2025,11:36 AM 01/17/2025,,1002613076088
CRDO,,CREDO TECHNOLOGY GRO,Canceled,Buy,8 Shares,Limit $77.77,Day,-,No,11:21 AM 01/16/2025,11:22 AM 01/16/2025,,1002604163690
CRDO,,CREDO TECHNOLOGY GRO,Canceled,Buy,8 Shares,Limit $77.58,Day,-,No,11:21 AM 01/16/2025,11:21 AM 01/16/2025,,1002604163675
ORLY,,O REILLY AUTOMOTIVE,Canceled,Sell,1 Shares,"Stop market $1,193.67",GTC,-,No,3:07 PM 01/13/2025,10:05 AM 01/16/2025,,1002583897147
CDW,,CDW CORP,Canceled,Sell,4 Shares,Stop market $178.51,GTC,-,No,12:12 PM 01/14/2025,9:22 AM 01/16/2025,,1002589756515
GEO,,GEO GROUP INC NEW REIT,Canceled,Sell,14 Shares,Stop market $27.70,GTC,-,No,3:28 PM 01/13/2025,9:19 AM 01/16/2025,,1002583897631
BROS,,DUTCH BROS INC A,Canceled,Sell,6 Shares,Stop market $54.69,GTC,-,No,9:17 AM 01/13/2025,3:23 PM 01/14/2025,,1002577569788
CDW,,CDW CORP,Canceled,Buy,4 Shares,Limit $185.68,Day,-,No,12:09 PM 01/14/2025,12:09 PM 01/14/2025,,1002589756433
CDW,,CDW CORP,Canceled,Buy,4 Shares,Limit $185.70,Day,-,No,12:09 PM 01/14/2025,12:09 PM 01/14/2025,,1002589756436
CDW,,CDW CORP,Canceled,Buy,4 Shares,Limit $185.70,Day,-,No,12:08 PM 01/14/2025,12:09 PM 01/14/2025,,1002589756412
GEO,,GEO GROUP INC NEW REIT,Canceled,Sell,7 Shares,Stop market $27.70,GTC,-,No,1:10 PM 01/08/2025,3:28 PM 01/13/2025,,1002565151749
HALO,,HALOZYME THERAPEUTIC,Canceled,Sell,20 Shares,Stop market $50.26,GTC,-,No,2:05 PM 01/06/2025,10:01 AM 01/07/2025,,1002549658325
PAM,,PAMPA ENERGIA S A ADR,Canceled,Buy,4 Shares,Limit $93.19,Day,-,No,1:37 PM 01/03/2025,4:06 PM 01/03/2025,,1002539919244 One Cancels Other (OCO),,,
TQQQ,,PROSHARES ULTRAPRO QQQ ETF,Canceled,Sell,30 Shares,Limit $82.16,Day,-,No,10:07 AM 01/02/2025,10:19 AM 01/02/2025,,1002528828068
TQQQ,,PROSHARES ULTRAPRO QQQ ETF,Filled,Sell,30 Shares,Stop market $80.71,Day,$80.70,No,10:07 AM 01/02/2025,10:19 AM 01/02/2025,,1002528828067
TQQQ,,PROSHARES ULTRAPRO QQQ ETF,Canceled,Sell,30 Shares,Stop market $80.71,Day,-,No,10:06 AM 01/02/2025,10:07 AM 01/02/2025,,1002527913944
TQQQ,,PROSHARES ULTRAPRO QQQ ETF,Canceled,Buy,30 Shares,Limit $81.30,Day,-,No,10:05 AM 01/02/2025,10:05 AM 01/02/2025,,1002527913901
PLTR,,PALANTIR TECHNOLOGIE A,Canceled,Sell,1 Shares,Stop market $71.40,GTC,-,No,10:31 AM 12/24/2024,11:28 AM 12/28/2024,,1002495440566
AAOI,,APPLIED OPTOELECTRON,Canceled,Sell,4 Shares,Stop market $35.60,GTC,-,No,10:04 AM 12/27/2024,1:51 PM 12/27/2024,,1002506233258
APP,,APPLOVIN CORP A,Canceled,Sell,2 Shares,Stop market $311.02,GTC,-,No,3:44 PM 12/26/2024,11:28 AM 12/27/2024,,1002503665705
ALAB,,ASTERA LABS INC,Canceled,Sell,1 Shares,Stop market $118.92,GTC,-,No,10:26 AM 12/24/2024,11:17 AM 12/27/2024,,1002495440339
AAOI,,APPLIED OPTOELECTRON,Canceled,Sell,4 Shares,Stop market $34.23,GTC,-,No,10:21 AM 12/24/2024,10:04 AM 12/27/2024,,1002495440081
FOUR,,SHIFT4 PMTS INC A,Canceled,Buy,10 Shares,Limit $106.00,Day,-,No,9:55 AM 12/27/2024,9:56 AM 12/27/2024,,1002506232644
FOUR,,SHIFT4 PMTS INC A,Canceled,Buy,4 Shares,Limit $106.50,Day,-,No,3:49 PM 12/26/2024,4:06 PM 12/26/2024,,1002503665866
TQQQ,,PROSHARES ULTRAPRO QQQ ETF,Canceled,Sell,50 Shares,Stop market $85.09,GTC,-,No,3:50 PM 12/26/2024,3:51 PM 12/26/2024,,1002503665950
TQQQ,,PROSHARES ULTRAPRO QQQ ETF,Canceled,Sell,50 Shares,Stop market $78.40,GTC,-,No,4:03 PM 12/23/2024,3:51 PM 12/26/2024,,1002492938681
TQQQ,,PROSHARES ULTRAPRO QQQ ETF,Canceled,Buy,50 Shares,Stop market $88.62,Day,-,No,3:50 PM 12/26/2024,3:50 PM 12/26/2024,,1002503665915
APP,,APPLOVIN CORP A,Canceled,Sell,1 Shares,Stop market $311.02,GTC,-,No,10:35 AM 12/24/2024,3:44 PM 12/26/2024,,1002495440755
